User,Timestamp,Compound_Score,Pos_Score,Neu_Score,Neg_Score,Tweets_Ago,Tweet_Text
BBCWorld,Sat Oct 06 01:10:04 +0000 2018,-0.3182,0.0,0.723,0.277,1,Have Russian spies lost their touch? https://t.co/vJ5nlHd4Lr
BBCWorld,Sat Oct 06 00:40:35 +0000 2018,-0.6461,0.0,0.652,0.348,2,Brazil elections: Why are there so many murders? https://t.co/2PYVUSTeR4
BBCWorld,Fri Oct 05 23:54:13 +0000 2018,0.0,0.0,1.0,0.0,3,"Romania marriage poll: One man, one woman definition up for vote https://t.co/DYMpDUxWSS"
BBCWorld,Fri Oct 05 23:46:51 +0000 2018,0.0,0.0,1.0,0.0,4,Cameroon election: President Paul Biya seeks seventh term https://t.co/YKeV6jIP3D
BBCWorld,Fri Oct 05 21:21:44 +0000 2018,0.0,0.0,1.0,0.0,5,Susan Collins and Joe Manchin: The political fallout from the Kavanaugh vote https://t.co/nNZWFDg9IR
BBCWorld,Fri Oct 05 20:22:05 +0000 2018,0.5574,0.286,0.714,0.0,6,Brett Kavanaugh: Key senators back embattled Supreme Court pick https://t.co/838cR7aDVg
BBCWorld,Fri Oct 05 20:16:29 +0000 2018,-0.4588,0.0,0.87,0.13,7,"RT @BBC_HaveYourSay: ""It was heartbreaking to watch children left hungry,"" said a mum who discovered her 5-year-old daughter had just 12 mi‚Ä¶"
BBCWorld,Fri Oct 05 20:01:09 +0000 2018,0.0,0.0,1.0,0.0,8,"Senator Susan Collins: ""I will vote to confirm Judge Kavanaugh""

Key moderate Republican explains her decision to s‚Ä¶ https://t.co/4Wv5LDZ6QA"
BBCWorld,Fri Oct 05 19:50:43 +0000 2018,0.2732,0.111,0.823,0.066,9,"RT @BBCTheOneShow: 1.5 million people may have been affected by the tsunami in Sulawesi. 
Here‚Äôs how you can help the @decappeal https://t.‚Ä¶"
BBCWorld,Fri Oct 05 19:09:13 +0000 2018,0.0,0.0,1.0,0.0,10,"Hundreds of scientists sign statement condemning physics ""built by men"" comments https://t.co/87AlgYImVZ"
BBCWorld,Fri Oct 05 19:00:57 +0000 2018,-0.9169,0.0,0.615,0.385,11,RT @BBCBreaking: Chicago police officer Jason Van Dyke found guilty of second degree murder for killing unarmed black teen in 2014 https://‚Ä¶
BBCWorld,Fri Oct 05 18:44:38 +0000 2018,-0.5719,0.0,0.684,0.316,12,RT @BBCNorthAmerica: Mums' anger at 12-minute school lunchtime https://t.co/TAz7YQhm1U
BBCWorld,Fri Oct 05 18:37:04 +0000 2018,-0.6808,0.157,0.357,0.486,13,Juventus shares drop after Ronaldo rape allegation https://t.co/BRBv6pIAVn
BBCWorld,Fri Oct 05 18:18:59 +0000 2018,0.2263,0.16,0.84,0.0,14,"Michigan meteorite used as doorstop for 30 years 'worth $100,000' https://t.co/pXjn1nTPAy"
BBCWorld,Fri Oct 05 18:18:57 +0000 2018,0.25,0.3,0.7,0.0,15,Laquan McDonald: Verdict reached in Chicago police shooting https://t.co/VfLaiJSOki
BBCWorld,Fri Oct 05 17:52:49 +0000 2018,0.4019,0.172,0.828,0.0,16,Brazil election: Voters debate the merits of democracy as far-right candidate leads polls https://t.co/6KoeWdE1e2
BBCWorld,Fri Oct 05 17:33:20 +0000 2018,-0.3612,0.0,0.783,0.217,17,Kavanaugh confirmation: What Trump's 'elevator screamers' tweet tells us https://t.co/98mOM3brin
BBCWorld,Fri Oct 05 17:30:45 +0000 2018,-0.5423,0.1,0.676,0.224,18,"RT @BBCNews: ""He attacked me first, I was called a liar""

Stormy Daniels tells @BBCNewsnight why she decided to ""kiss and tell"" on Presiden‚Ä¶"
BBCWorld,Fri Oct 05 15:54:23 +0000 2018,0.0,0.0,1.0,0.0,19,"Dough! üò≥

https://t.co/NjwqQjlI4J"
BBCWorld,Fri Oct 05 15:32:03 +0000 2018,0.0,0.0,1.0,0.0,20,"Little lady of the lake ‚öî 

Eight-year-old Saga recalls the moment she discovered an ancient sword in the bottom of‚Ä¶ https://t.co/GRBife6mM4"
BBCWorld,Sat Oct 06 01:10:04 +0000 2018,-0.3182,0.0,0.723,0.277,21,Have Russian spies lost their touch? https://t.co/vJ5nlHd4Lr
BBCWorld,Sat Oct 06 00:40:35 +0000 2018,-0.6461,0.0,0.652,0.348,22,Brazil elections: Why are there so many murders? https://t.co/2PYVUSTeR4
BBCWorld,Fri Oct 05 23:54:13 +0000 2018,0.0,0.0,1.0,0.0,23,"Romania marriage poll: One man, one woman definition up for vote https://t.co/DYMpDUxWSS"
BBCWorld,Fri Oct 05 23:46:51 +0000 2018,0.0,0.0,1.0,0.0,24,Cameroon election: President Paul Biya seeks seventh term https://t.co/YKeV6jIP3D
BBCWorld,Fri Oct 05 21:21:44 +0000 2018,0.0,0.0,1.0,0.0,25,Susan Collins and Joe Manchin: The political fallout from the Kavanaugh vote https://t.co/nNZWFDg9IR
BBCWorld,Fri Oct 05 20:22:05 +0000 2018,0.5574,0.286,0.714,0.0,26,Brett Kavanaugh: Key senators back embattled Supreme Court pick https://t.co/838cR7aDVg
BBCWorld,Fri Oct 05 20:16:29 +0000 2018,-0.4588,0.0,0.87,0.13,27,"RT @BBC_HaveYourSay: ""It was heartbreaking to watch children left hungry,"" said a mum who discovered her 5-year-old daughter had just 12 mi‚Ä¶"
BBCWorld,Fri Oct 05 20:01:09 +0000 2018,0.0,0.0,1.0,0.0,28,"Senator Susan Collins: ""I will vote to confirm Judge Kavanaugh""

Key moderate Republican explains her decision to s‚Ä¶ https://t.co/4Wv5LDZ6QA"
BBCWorld,Fri Oct 05 19:50:43 +0000 2018,0.2732,0.111,0.823,0.066,29,"RT @BBCTheOneShow: 1.5 million people may have been affected by the tsunami in Sulawesi. 
Here‚Äôs how you can help the @decappeal https://t.‚Ä¶"
BBCWorld,Fri Oct 05 19:09:13 +0000 2018,0.0,0.0,1.0,0.0,30,"Hundreds of scientists sign statement condemning physics ""built by men"" comments https://t.co/87AlgYImVZ"
BBCWorld,Fri Oct 05 19:00:57 +0000 2018,-0.9169,0.0,0.615,0.385,31,RT @BBCBreaking: Chicago police officer Jason Van Dyke found guilty of second degree murder for killing unarmed black teen in 2014 https://‚Ä¶
BBCWorld,Fri Oct 05 18:44:38 +0000 2018,-0.5719,0.0,0.684,0.316,32,RT @BBCNorthAmerica: Mums' anger at 12-minute school lunchtime https://t.co/TAz7YQhm1U
BBCWorld,Fri Oct 05 18:37:04 +0000 2018,-0.6808,0.157,0.357,0.486,33,Juventus shares drop after Ronaldo rape allegation https://t.co/BRBv6pIAVn
BBCWorld,Fri Oct 05 18:18:59 +0000 2018,0.2263,0.16,0.84,0.0,34,"Michigan meteorite used as doorstop for 30 years 'worth $100,000' https://t.co/pXjn1nTPAy"
BBCWorld,Fri Oct 05 18:18:57 +0000 2018,0.25,0.3,0.7,0.0,35,Laquan McDonald: Verdict reached in Chicago police shooting https://t.co/VfLaiJSOki
BBCWorld,Fri Oct 05 17:52:49 +0000 2018,0.4019,0.172,0.828,0.0,36,Brazil election: Voters debate the merits of democracy as far-right candidate leads polls https://t.co/6KoeWdE1e2
BBCWorld,Fri Oct 05 17:33:20 +0000 2018,-0.3612,0.0,0.783,0.217,37,Kavanaugh confirmation: What Trump's 'elevator screamers' tweet tells us https://t.co/98mOM3brin
BBCWorld,Fri Oct 05 17:30:45 +0000 2018,-0.5423,0.1,0.676,0.224,38,"RT @BBCNews: ""He attacked me first, I was called a liar""

Stormy Daniels tells @BBCNewsnight why she decided to ""kiss and tell"" on Presiden‚Ä¶"
BBCWorld,Fri Oct 05 15:54:23 +0000 2018,0.0,0.0,1.0,0.0,39,"Dough! üò≥

https://t.co/NjwqQjlI4J"
BBCWorld,Fri Oct 05 15:32:03 +0000 2018,0.0,0.0,1.0,0.0,40,"Little lady of the lake ‚öî 

Eight-year-old Saga recalls the moment she discovered an ancient sword in the bottom of‚Ä¶ https://t.co/GRBife6mM4"
BBCWorld,Fri Oct 05 15:06:07 +0000 2018,0.0,0.0,1.0,0.0,41,Lubna Al Olayan appointed as first woman Saudi bank head https://t.co/buelGGeIgu
BBCWorld,Fri Oct 05 15:01:36 +0000 2018,0.0,0.0,1.0,0.0,42,"Yeas are 51, the nays are 49 - US Senators back motion to move to final vote on Brett Kavanaugh's appointment for S‚Ä¶ https://t.co/6UArRlQ9Fg"
BBCWorld,Fri Oct 05 15:01:31 +0000 2018,0.0,0.0,1.0,0.0,43,"RT @BBCNorthAmerica: Utah toddler puts more than $1,000 in the shredder https://t.co/IbXaIrP5wG"
BBCWorld,Fri Oct 05 14:50:10 +0000 2018,0.4019,0.114,0.886,0.0,44,RT @awzurcher: In the key procedural vote to limit Senate debate on Kavanaugh two people crossed party lines - Republican Murkowski voted n‚Ä¶
BBCWorld,Fri Oct 05 14:27:41 +0000 2018,0.0,0.0,1.0,0.0,45,"What's that on Donald Trump's shoe? üßê 

https://t.co/HJVI3b0aVJ
[Tap to expand] https://t.co/4Agmj3aZc6"
BBCWorld,Fri Oct 05 14:03:03 +0000 2018,-0.836,0.054,0.583,0.363,46,German court sentences a couple who tortured and killed two women they lured with personal ads https://t.co/jCDHv3H0vf
BBCWorld,Fri Oct 05 13:42:05 +0000 2018,0.4898,0.258,0.742,0.0,47,"India signs air defence missile deal with Russia, despite threat of US sanctions https://t.co/fwpDvsqaGO"
BBCWorld,Fri Oct 05 13:38:44 +0000 2018,-0.8074,0.0,0.722,0.278,48,"""At some point, there was rape and nothing else"" - How Nadia Murad became a leading voice in the fight against sexu‚Ä¶ https://t.co/esibnJF7hh"
BBCWorld,Fri Oct 05 13:03:01 +0000 2018,0.5574,0.265,0.735,0.0,49,Brett Kavanaugh: First test vote due on Supreme Court nominee https://t.co/hngCvuszUL
BBCWorld,Fri Oct 05 12:49:10 +0000 2018,-0.4767,0.0,0.693,0.307,50,"""I didn't have a choice but to shoot"" 
https://t.co/MRnQztrJc1"
BBCWorld,Fri Oct 05 12:33:31 +0000 2018,0.0,0.0,1.0,0.0,51,"RT @BBCNews: Ed Sheeran, Adele, Michael Jackson and Dua Lipa are among Alexa's most-popular artists 

https://t.co/1EwpNFtjZg"
BBCWorld,Fri Oct 05 12:29:36 +0000 2018,0.0,0.0,1.0,0.0,52,Interpol chief Meng Hongwei vanishes on trip to China https://t.co/VUkl8Hfwm1
BBCWorld,Fri Oct 05 11:55:00 +0000 2018,-0.2023,0.069,0.821,0.11,53,"Indonesia's earthquake allowed inmates to escape from Palu prison, but some escapees have returned

(Tap to expand)‚Ä¶ https://t.co/73aS3YcBI8"
BBCWorld,Fri Oct 05 11:42:21 +0000 2018,-0.296,0.0,0.864,0.136,54,"Investigation opens into disappearance of Interpol chief Meng Hongwei, missing since trip to China https://t.co/BmZwB3nNPh"
BBCWorld,Fri Oct 05 11:34:14 +0000 2018,-0.5106,0.108,0.667,0.226,55,"Some chemicals found in certain hair products are linked to cancer, obesity and infertility üò∑ https://t.co/S1bidR7Uc5"
BBCWorld,Fri Oct 05 11:25:48 +0000 2018,0.5106,0.21,0.701,0.089,56,"RT @BBCNews: ""I felt pretty much like actually I didn't exist"" - Keira Knightley reveals mental breakdown and PTSD as she struggled with su‚Ä¶"
BBCWorld,Fri Oct 05 11:25:26 +0000 2018,-0.6597,0.0,0.759,0.241,57,"At least 30 workers have died since construction began on Istanbul's controversial new airport project, and now sev‚Ä¶ https://t.co/rWnyGsL6iO"
BBCWorld,Fri Oct 05 11:19:15 +0000 2018,0.4717,0.337,0.663,0.0,58,Russia cyber-plots: Dutch defend decision not to arrest suspects https://t.co/kehYYvbpWH
BBCWorld,Fri Oct 05 11:05:28 +0000 2018,0.8979,0.522,0.478,0.0,59,"""Doctor Miracle"" - the life and work of #NobelPeace Prize winner Denis Mukwege https://t.co/I0hHoucAmJ"
BBCWorld,Fri Oct 05 10:53:53 +0000 2018,0.0,0.0,1.0,0.0,60,RT @bbcweather: Typhoon #KongRey is currently moving to the east of #China and will bring torrential rain to parts of #Korea and #Japan ove‚Ä¶
BBCWorld,Fri Oct 05 10:51:23 +0000 2018,0.0,0.0,1.0,0.0,61,Voters in Guernsey are set the island's first ever referendum... What are the options? https://t.co/tmSuaAYUGF
BBCWorld,Fri Oct 05 10:47:44 +0000 2018,-0.7579,0.0,0.667,0.333,62,"RT @BBCNews: admin, password, 1234... üö´
From 2020 weak passwords will be illegal in California
https://t.co/5GgI7qsGIc"
BBCWorld,Fri Oct 05 10:46:34 +0000 2018,0.7096,0.258,0.742,0.0,63,RT @BBCHARDtalk: Yazidi activist @NadiaMuradBasee has been jointly awarded the #NobelPrize for her incredible courage. She spoke to @Sarah_‚Ä¶
BBCWorld,Fri Oct 05 10:41:40 +0000 2018,0.0,0.0,1.0,0.0,64,"Visitors to Berlin's KitKat sex club urged to ""seek immediate preventive treatment"" after man contracts bacterial m‚Ä¶ https://t.co/OGzh6N9tkM"
BBCWorld,Fri Oct 05 10:22:22 +0000 2018,-0.4404,0.0,0.879,0.121,65,"RT @BBCSteveR: On the GRU hacking scandal: the pro-Kremlin press slams Western ‚Äúspy-mania‚Äù. But one Russian paper, writing up the story, ac‚Ä¶"
BBCWorld,Fri Oct 05 10:12:47 +0000 2018,-0.6124,0.0,0.706,0.294,66,Toyota recalls more than 2.4 million hybrid vehicles worldwide over power loss fault https://t.co/Yv0YjDodyI
BBCWorld,Fri Oct 05 09:56:26 +0000 2018,-0.6486,0.099,0.567,0.333,67,Peruvian mayoral candidate Daniel Urresti cleared of journalist's murder https://t.co/pEeoqMpqYN
BBCWorld,Fri Oct 05 09:53:25 +0000 2018,-0.5204,0.0,0.795,0.205,68,RT @BBCNews: How credible are lie detector tests? And can you cheat one? ü§î https://t.co/SiwfK3gmsu
BBCWorld,Fri Oct 05 09:40:46 +0000 2018,0.0,0.0,1.0,0.0,69,British man dies from sea snake bite in Australia https://t.co/yBns8nMlWi
BBCWorld,Fri Oct 05 09:25:46 +0000 2018,-0.296,0.0,0.82,0.18,70,Jamal Khashoggi: Washington Post blanks out missing Saudi writer's column https://t.co/SOMfNOLHeS
BBCWorld,Fri Oct 05 09:10:06 +0000 2018,0.7783,0.576,0.424,0.0,71,Nobel Peace Prize for anti-rape activists https://t.co/dt6K7iXmpg
BBCWorld,Fri Oct 05 07:34:48 +0000 2018,-0.802,0.11,0.44,0.451,72,Suhaib Ilyasi: India TV crime host acquitted of wife's murder https://t.co/QWklty2UmF
BBCWorld,Fri Oct 05 06:40:11 +0000 2018,-0.4939,0.0,0.738,0.262,73,Former S Korea president Lee Myung-bak jailed for 15 years https://t.co/c6la1caYvD
BBCWorld,Fri Oct 05 04:03:18 +0000 2018,-0.3818,0.131,0.615,0.254,74,China prison break: Public appeal after rare inmate escape https://t.co/kjf3fnms5t
BBCWorld,Fri Oct 05 01:22:01 +0000 2018,-0.5106,0.0,0.732,0.268,75,Hot look or provocative? Outcry at Polish teens guidebook https://t.co/ZmOUEZlenw
BBCWorld,Fri Oct 05 01:17:42 +0000 2018,0.0,0.0,1.0,0.0,76,'Why not?': Transgender candidate busts stereotypes in Brazil https://t.co/cCFMdAwSEu
BBCWorld,Fri Oct 05 01:04:33 +0000 2018,0.0,0.0,1.0,0.0,77,Africa's week in pictures: 28 September - 4 October 2018 https://t.co/FrBrEh4T2P
BBCWorld,Fri Oct 05 00:35:00 +0000 2018,0.7414,0.343,0.657,0.0,78,James Ricketson case: 'Dad saved my life so I helped save him from jail' https://t.co/rHrAl7Lz3r
BBCWorld,Fri Oct 05 00:09:30 +0000 2018,-0.128,0.245,0.408,0.347,79,Brett Kavanaugh: Hundreds arrested in Supreme Court protest https://t.co/K7qhruTulT
BBCWorld,Thu Oct 04 23:34:27 +0000 2018,-0.4767,0.0,0.721,0.279,80,Fake news: French language body urges alternative phrase https://t.co/gwO4ElSjKv
BBCWorld,Thu Oct 04 23:11:58 +0000 2018,0.0,0.0,1.0,0.0,81,Why a US national park is holding a 'Fat Bear Week' contest https://t.co/Oc3Cdq4lDP
BBCWorld,Thu Oct 04 21:19:45 +0000 2018,0.0,0.0,1.0,0.0,82,"Girl, 8, pulls a 1,500-year-old sword from a lake in Sweden https://t.co/rAaoU2WtOD"
BBCWorld,Thu Oct 04 20:45:03 +0000 2018,-0.34,0.0,0.882,0.118,83,"RT @BBCNorthAmerica: The @BBCNorthAmerica investigation ‚ÄúDon‚Äôt Shoot, I‚Äôm Disabled‚Äù releases today. Here‚Äôs why you should check it out:

ht‚Ä¶"
BBCWorld,Thu Oct 04 20:44:57 +0000 2018,-0.6908,0.0,0.63,0.37,84,Cristiano Ronaldo rape allegation: Nike expresses deep concern https://t.co/MBNeaNbbig
BBCWorld,Thu Oct 04 20:40:53 +0000 2018,-0.6124,0.0,0.667,0.333,85,Ex-rap mogul Suge Knight sentenced to 28 years for hit-and-run death https://t.co/1Ojh3JwyXf
BBCWorld,Thu Oct 04 19:07:25 +0000 2018,0.0,0.0,1.0,0.0,86,Diplomats thrown out in Ukraine-Hungary passport https://t.co/xN1cQ2ycI1
BBCWorld,Thu Oct 04 18:52:03 +0000 2018,-0.4019,0.0,0.821,0.179,87,"US town warns residents not to be too concerned about birds ""flying into windows, cars and acting confused"" https://t.co/veNfzqj16N"
BBCWorld,Thu Oct 04 18:40:31 +0000 2018,-0.2411,0.0,0.859,0.141,88,Canada is not inviting the US or China to WTO reform meeting https://t.co/bJ7vtQhhX7
BBCWorld,Thu Oct 04 18:17:49 +0000 2018,-0.4939,0.0,0.738,0.262,89,Man jailed for slapping woman in viral French video https://t.co/kweS8uiT4w
BBCWorld,Thu Oct 04 18:06:03 +0000 2018,0.4939,0.225,0.775,0.0,90,Aid charities ActionAid and Plan to be turfed out of Pakistan https://t.co/23bHtLWrKP
BBCWorld,Thu Oct 04 17:22:04 +0000 2018,-0.6369,0.0,0.606,0.394,91,Brett Kavanaugh accusations: Are young men in America scared? https://t.co/VV3Ir2QYsA
BBCWorld,Thu Oct 04 17:19:44 +0000 2018,-0.7269,0.0,0.567,0.433,92,South Carolina: Police shooting suspect is disabled war veteran https://t.co/fmoUcyP1rM
BBCWorld,Thu Oct 04 16:07:21 +0000 2018,0.0,0.0,1.0,0.0,93,Minnesota town alerts residents over 'tipsy' birds https://t.co/wiRkFLFnef
BBCWorld,Thu Oct 04 15:51:25 +0000 2018,0.0,0.0,1.0,0.0,94,"Staff working to keep Palu's airport open after Indonesia earthquake

[Tap to expand]

https://t.co/vcJMb3dkLR https://t.co/K4FvOzvcr8"
BBCWorld,Thu Oct 04 15:47:34 +0000 2018,0.0,0.0,1.0,0.0,95,"Senators spar over FBI report on Kavanaugh 

https://t.co/YmCqFgLyIA https://t.co/Rq0OIGBLjf"
BBCWorld,Thu Oct 04 15:32:53 +0000 2018,0.7964,0.504,0.496,0.0,96,Archibald Knox exhibition: Liberty designer's 'sheer genius' celebrated https://t.co/aY3INXmfzo
BBCWorld,Thu Oct 04 15:03:11 +0000 2018,-0.6369,0.0,0.802,0.198,97,"""Without zoos nature will be doomed"" - @NatGeo photographer Joel Sartore responds to those who say keeping animals‚Ä¶ https://t.co/u8tmQe8XiP"
BBCWorld,Thu Oct 04 15:01:34 +0000 2018,-0.6908,0.0,0.701,0.299,98,RT @BBCTech: Fitbit data used to charge US man with murder https://t.co/lMl2Q36Dcu
BBCWorld,Thu Oct 04 14:37:12 +0000 2018,0.0,0.0,1.0,0.0,99,RT @bbcworldservice: The first 'exomoon' (that's a moon outside our Solar System for non-space experts) may have been found. Here's @david_‚Ä¶
BBCWorld,Thu Oct 04 14:33:59 +0000 2018,0.5574,0.153,0.847,0.0,100,"Julia Roberts: If Brett Kavanaugh gets on to the Supreme Court it ""will affect our children and our children's chil‚Ä¶ https://t.co/ZvXI2T7Gp8"
CBS,Fri Oct 05 23:30:00 +0000 2018,0.5423,0.2,0.8,0.0,1,"Viewers in Atlanta, Charlotte, Pittsburgh, and most of Michigan and Wisconsin, please take note of the DVR alert be‚Ä¶ https://t.co/fradnBOvdk"
CBS,Fri Oct 05 20:10:09 +0000 2018,-0.3612,0.0,0.821,0.179,2,"RT @MadamSecretary: Worlds collide when former Secretaries of State @HillaryClinton, @madeleine, and Colin Powell stop by #MadamSecretary f‚Ä¶"
CBS,Fri Oct 05 19:23:53 +0000 2018,0.0,0.0,1.0,0.0,3,".@TheNeighborhood's @BethBehrs and @latelateshow may have come up with a new hit show called ""Naked Rabbi.""‚Ä¶ https://t.co/KLsSlzgC0f"
CBS,Fri Oct 05 17:42:12 +0000 2018,-0.6808,0.0,0.811,0.189,4,"RT @FBICBS: When a killer's victim survives to tell the tale, it's up to the team to catch him before he kills again. 

The first SEVEN MIN‚Ä¶"
CBS,Fri Oct 05 16:45:23 +0000 2018,0.3612,0.172,0.828,0.0,5,But you know the CBS Fall TV that makes YOU smile. #WorldSmileDay https://t.co/JVOh5TlK0D
CBS,Fri Oct 05 16:45:22 +0000 2018,0.4767,0.279,0.721,0.0,6,Not everyone smiles at the same shows #WorldSmileDay https://t.co/XFwNIFleXf
CBS,Fri Oct 05 16:45:22 +0000 2018,0.3612,0.2,0.8,0.0,7,"And smile at shows that, you know, get you. #WorldSmileDay https://t.co/9JpmKkB7Ky"
CBS,Fri Oct 05 16:45:21 +0000 2018,0.6124,0.333,0.667,0.0,8,Smile at shows you‚Äôve been meaning to smile at before #WorldSmileDay https://t.co/MWrtrX62BP
CBS,Fri Oct 05 16:45:21 +0000 2018,0.7003,0.42,0.58,0.0,9,Get right back into smiling with your favorites #WorldSmileDay https://t.co/BohCiTymMO
CBS,Fri Oct 05 16:45:19 +0000 2018,0.3612,0.263,0.737,0.0,10,Time to smile at new shows #WorldSmileDay https://t.co/n45SpVXuOq
CBS,Fri Oct 05 16:45:19 +0000 2018,0.4199,0.285,0.715,0.0,11,Smile! CBS Fall TV is here. #WorldSmileDay https://t.co/QhmtAmJL0X
CBS,Thu Oct 04 17:17:46 +0000 2018,0.0,0.0,1.0,0.0,12,"The Big Bang Theory.
Young Sheldon, Mom, Murphy Brown.
S.W.A.T. Watch them tonight.

#NationalPoetryDay"
CBS,Thu Oct 04 00:34:37 +0000 2018,-0.3875,0.0,0.774,0.226,13,@shygirlsue @Ranker And we couldn't be prouder of you.üòä https://t.co/Rt9bRkv32J
CBS,Wed Oct 03 23:45:21 +0000 2018,0.0,0.0,1.0,0.0,14,@suferah_khan https://t.co/hkLN6VK6WI
CBS,Wed Oct 03 23:39:03 +0000 2018,0.7906,0.318,0.682,0.0,15,.@Ranker is ranking the best CBS shows of all time. Did your favorites make the list? https://t.co/D3ZrfZK0Q9
CBS,Wed Oct 03 19:35:31 +0000 2018,0.4939,0.151,0.849,0.0,16,".@CrimMinds_CBS returns tonight for its 300th episode. In honor of the milestone season premiere, the cast has a me‚Ä¶ https://t.co/o9aKkBKKtw"
CBS,Wed Oct 03 17:05:20 +0000 2018,0.6956,0.31,0.69,0.0,17,".@wayansjr debuted his perfect impression of his father on @colbertlateshow but everybody, be cool, and don't tell‚Ä¶ https://t.co/MWa9UNOORj"
CBS,Tue Oct 02 21:25:29 +0000 2018,0.8858,0.354,0.646,0.0,18,RT @CBSAllAccess: It's a great day to be a fan of #TheTwilightZone! We're celebrating the 59th anniversary of the classic series AND the of‚Ä¶
CBS,Tue Oct 02 18:36:26 +0000 2018,0.0,0.0,1.0,0.0,19,"‚ö°Ô∏è ‚ÄúHappy Together Premieres on CBS‚Äù

https://t.co/W7IvELcMcw"
CBS,Tue Oct 02 17:52:53 +0000 2018,-0.4449,0.0,0.836,0.164,20,"@miamicah We don't know for sure about that, but we are sure that you should be some sort of TV detective. üôÇ https://t.co/uW5aSn7jlO"
CBS,Fri Oct 05 23:30:00 +0000 2018,0.5423,0.2,0.8,0.0,21,"Viewers in Atlanta, Charlotte, Pittsburgh, and most of Michigan and Wisconsin, please take note of the DVR alert be‚Ä¶ https://t.co/fradnBOvdk"
CBS,Fri Oct 05 20:10:09 +0000 2018,-0.3612,0.0,0.821,0.179,22,"RT @MadamSecretary: Worlds collide when former Secretaries of State @HillaryClinton, @madeleine, and Colin Powell stop by #MadamSecretary f‚Ä¶"
CBS,Fri Oct 05 19:23:53 +0000 2018,0.0,0.0,1.0,0.0,23,".@TheNeighborhood's @BethBehrs and @latelateshow may have come up with a new hit show called ""Naked Rabbi.""‚Ä¶ https://t.co/KLsSlzgC0f"
CBS,Fri Oct 05 17:42:12 +0000 2018,-0.6808,0.0,0.811,0.189,24,"RT @FBICBS: When a killer's victim survives to tell the tale, it's up to the team to catch him before he kills again. 

The first SEVEN MIN‚Ä¶"
CBS,Fri Oct 05 16:45:23 +0000 2018,0.3612,0.172,0.828,0.0,25,But you know the CBS Fall TV that makes YOU smile. #WorldSmileDay https://t.co/JVOh5TlK0D
CBS,Fri Oct 05 16:45:22 +0000 2018,0.4767,0.279,0.721,0.0,26,Not everyone smiles at the same shows #WorldSmileDay https://t.co/XFwNIFleXf
CBS,Fri Oct 05 16:45:22 +0000 2018,0.3612,0.2,0.8,0.0,27,"And smile at shows that, you know, get you. #WorldSmileDay https://t.co/9JpmKkB7Ky"
CBS,Fri Oct 05 16:45:21 +0000 2018,0.6124,0.333,0.667,0.0,28,Smile at shows you‚Äôve been meaning to smile at before #WorldSmileDay https://t.co/MWrtrX62BP
CBS,Fri Oct 05 16:45:21 +0000 2018,0.7003,0.42,0.58,0.0,29,Get right back into smiling with your favorites #WorldSmileDay https://t.co/BohCiTymMO
CBS,Fri Oct 05 16:45:19 +0000 2018,0.3612,0.263,0.737,0.0,30,Time to smile at new shows #WorldSmileDay https://t.co/n45SpVXuOq
CBS,Fri Oct 05 16:45:19 +0000 2018,0.4199,0.285,0.715,0.0,31,Smile! CBS Fall TV is here. #WorldSmileDay https://t.co/QhmtAmJL0X
CBS,Thu Oct 04 17:17:46 +0000 2018,0.0,0.0,1.0,0.0,32,"The Big Bang Theory.
Young Sheldon, Mom, Murphy Brown.
S.W.A.T. Watch them tonight.

#NationalPoetryDay"
CBS,Thu Oct 04 00:34:37 +0000 2018,-0.3875,0.0,0.774,0.226,33,@shygirlsue @Ranker And we couldn't be prouder of you.üòä https://t.co/Rt9bRkv32J
CBS,Wed Oct 03 23:45:21 +0000 2018,0.0,0.0,1.0,0.0,34,@suferah_khan https://t.co/hkLN6VK6WI
CBS,Wed Oct 03 23:39:03 +0000 2018,0.7906,0.318,0.682,0.0,35,.@Ranker is ranking the best CBS shows of all time. Did your favorites make the list? https://t.co/D3ZrfZK0Q9
CBS,Wed Oct 03 19:35:31 +0000 2018,0.4939,0.151,0.849,0.0,36,".@CrimMinds_CBS returns tonight for its 300th episode. In honor of the milestone season premiere, the cast has a me‚Ä¶ https://t.co/o9aKkBKKtw"
CBS,Wed Oct 03 17:05:20 +0000 2018,0.6956,0.31,0.69,0.0,37,".@wayansjr debuted his perfect impression of his father on @colbertlateshow but everybody, be cool, and don't tell‚Ä¶ https://t.co/MWa9UNOORj"
CBS,Tue Oct 02 21:25:29 +0000 2018,0.8858,0.354,0.646,0.0,38,RT @CBSAllAccess: It's a great day to be a fan of #TheTwilightZone! We're celebrating the 59th anniversary of the classic series AND the of‚Ä¶
CBS,Tue Oct 02 18:36:26 +0000 2018,0.0,0.0,1.0,0.0,39,"‚ö°Ô∏è ‚ÄúHappy Together Premieres on CBS‚Äù

https://t.co/W7IvELcMcw"
CBS,Tue Oct 02 17:52:53 +0000 2018,-0.4449,0.0,0.836,0.164,40,"@miamicah We don't know for sure about that, but we are sure that you should be some sort of TV detective. üôÇ https://t.co/uW5aSn7jlO"
CBS,Tue Oct 02 16:49:34 +0000 2018,0.0,0.0,1.0,0.0,41,"‚ö°Ô∏è ‚ÄúThe Neighborhood Premieres on CBS‚Äù

https://t.co/R72l342BFE"
CBS,Tue Oct 02 02:42:23 +0000 2018,0.3182,0.119,0.881,0.0,42,"RT @startrekcbs: Discover the next adventure of #StarTrekDiscovery January 2019, and catch #Starfleet at @NY_Comic_Con THIS Saturday. https‚Ä¶"
CBS,Tue Oct 02 01:10:54 +0000 2018,0.765,0.292,0.708,0.0,43,The stars of @TheNeighborhood and @happytogether celebrated their shows' premieres on CBS tonight with a good old f‚Ä¶ https://t.co/fu9SJzv7hZ
CBS,Tue Oct 02 00:01:07 +0000 2018,0.0,0.0,1.0,0.0,44,"RT @TheNeighborhood: It's almost time! Our live Q&amp;A with the casts of #TheNeighborhood &amp; #HappyTogether is starting at 8pm ET/ 5pm PT. 

Se‚Ä¶"
CBS,Mon Oct 01 21:56:03 +0000 2018,0.0,0.0,1.0,0.0,45,Head over to the CBS Facebook page now for the #FacebookLive with @happytogether‚Äôs @wayansjr and @TheNeighborhood‚Äôs‚Ä¶ https://t.co/37QOrVA1sh
CBS,Mon Oct 01 16:33:11 +0000 2018,0.296,0.136,0.864,0.0,46,Join @happytogether's @wayansjr and @TheNeighborhood's @iamgreenfield for a Facebook Live TODAY at 5:45p ET/2:45 PT‚Ä¶ https://t.co/klrx7cA41H
CBS,Sun Sep 30 23:51:26 +0000 2018,-0.2263,0.0,0.909,0.091,47,"Due to #NFL football game overrun, #CBS Sunday lineup is delayed in East/Central time zones ONLY. New start times:‚Ä¶ https://t.co/zmEn7CVlUi"
CBS,Sun Sep 30 17:00:00 +0000 2018,0.6124,0.19,0.81,0.0,48,The cast of @GodFriendedMe answers some heavenly questions about social media before the show premieres tonight aft‚Ä¶ https://t.co/61Tx2GTn35
CBS,Sun Sep 30 14:34:18 +0000 2018,0.0,0.0,1.0,0.0,49,RT @CBSAllAccess: Stream NFL on CBS LIVE today starting at 1pm ET on CBS All Access! üèà https://t.co/vsod8jYeZl https://t.co/UBp3R4UCAd
CBS,Fri Sep 28 22:22:01 +0000 2018,0.0,0.0,1.0,0.0,50,"On @colbertlateshow, @TheNeighborhood's @CedEntertainer and Stephen recall the first time they met on a night when‚Ä¶ https://t.co/vjz1zVg4sR"
CBS,Fri Sep 28 20:16:14 +0000 2018,0.0,0.0,1.0,0.0,51,".@happytogether's @wayansjr, @HereIsGina &amp; @latelateshow discuss the pros and cons of living with a pop star. Con:‚Ä¶ https://t.co/PLXFxfheW7"
CBS,Fri Sep 28 17:52:41 +0000 2018,0.0,0.0,1.0,0.0,52,"If you haven't seen @SEALTeamCBS, make it your mission to know them before the #SEALTeam Season 2 premiere October‚Ä¶ https://t.co/NhCPI3lZSV"
CBS,Fri Sep 28 16:51:50 +0000 2018,0.0,0.0,1.0,0.0,53,"‚ö°Ô∏è ‚ÄúMurphy Brown Returns to CBS‚Äù

https://t.co/3vsAg7WcB1"
CBS,Thu Sep 27 20:19:18 +0000 2018,0.0,0.0,1.0,0.0,54,.@TheNeighborhood's @iamgreenfield revealing his Fiddler on the Roof goals on @latelateshow will be the earworm you‚Ä¶ https://t.co/swbh8HPwA1
CBS,Thu Sep 27 20:01:53 +0000 2018,0.0,0.0,1.0,0.0,55,RT @MurphyBrownCBS: A moment 20 years in the making all comes down to this. #MurphyBrown returns to @CBS tonight! https://t.co/tWSMFM3YbG
CBS,Thu Sep 27 17:19:16 +0000 2018,0.0,0.0,1.0,0.0,56,"Candice Bergen tells @colbertlateshow the presidential way tonight's @MurphyBrownCBS premiere imitates life, albeit‚Ä¶ https://t.co/4Kbk8gt6nS"
CBS,Thu Sep 27 16:58:08 +0000 2018,-0.34,0.191,0.526,0.283,57,@marlagardner222 @jay_hernandez Good idea. The theme song is a dead giveaway. üòâ
CBS,Thu Sep 27 00:44:13 +0000 2018,0.0,0.0,1.0,0.0,58,@queenmama7777 @CBSAllAccess We believe in you! https://t.co/ZK0xaPRxVr
CBS,Thu Sep 27 00:42:15 +0000 2018,0.0,0.0,1.0,0.0,59,@BSkyjackcity @jokersupdates @CBSAllAccess On it. https://t.co/yxKX9ry7fw
CBS,Wed Sep 26 21:49:27 +0000 2018,0.1139,0.071,0.929,0.0,60,Sixteen houseguests entered and now it's down to the Final 3. Don't miss a second of the 90-minute #BB20Finale toni‚Ä¶ https://t.co/KwDHR9Hfqu
CBS,Wed Sep 26 19:57:54 +0000 2018,0.6249,0.221,0.779,0.0,61,"The tribe has spoken, and they do a pretty decent @JeffProbst impression just in time for the @survivorcbs Season P‚Ä¶ https://t.co/2Ps8VKblay"
CBS,Wed Sep 26 17:25:43 +0000 2018,0.0,0.0,1.0,0.0,62,"‚ö°Ô∏è ‚ÄúFBI Premieres on CBS‚Äù

https://t.co/faL6iHZc5g"
CBS,Tue Sep 25 21:10:56 +0000 2018,-0.2714,0.106,0.745,0.149,63,"RT @CBSAllAccess: A night of crime dramas?! Oh yes. üôå Stream @NCIS_CBS, @FBICBS &amp; @NCISNewOrleans starting at 8/7c on CBS All Access: https‚Ä¶"
CBS,Tue Sep 25 20:31:45 +0000 2018,-0.2263,0.0,0.909,0.091,64,"Before @FBICBS premieres tonight, @mperegrym stopped by @CBSThisMorning to talk about her role as an FBI agent in t‚Ä¶ https://t.co/CPVki4Hv8y"
CBS,Tue Sep 25 19:54:26 +0000 2018,0.0,0.0,1.0,0.0,65,RT @CBSAllAccess: üö® @PatrickBrammall. Tim Meadows. @jessicaalba. @iamgreenfield. @AHWAmySedaris. @ChrisGethard. @JoeManganiello. AND SO MAN‚Ä¶
CBS,Tue Sep 25 19:45:33 +0000 2018,0.7901,0.291,0.709,0.0,66,RT @bigbangtheory: Happy #NationalComicBookDay from Sheldon and his many shirts! How are you sporting your favorite superhero today? #BigBa‚Ä¶
CBS,Tue Sep 25 18:34:26 +0000 2018,0.0,0.0,1.0,0.0,67,"‚ö°Ô∏è ‚ÄúMagnum P.I. Premieres on CBS‚Äù

https://t.co/UtbQlcDG8S"
CBS,Tue Sep 25 18:05:31 +0000 2018,0.0,0.0,1.0,0.0,68,".@jay_hernandez went on @latelateshow to talk about @MagnumPICBS, but he may have gotten @TiffanyHaddish as a surf‚Ä¶ https://t.co/a3acRu10aw"
CBS,Mon Sep 24 18:56:15 +0000 2018,0.0,0.0,1.0,0.0,69,"RT @60Minutes: 60 Minutes turns 50 today. Tick, tick, tick ... https://t.co/3CVKEs9J7F"
CBS,Sun Sep 23 23:24:03 +0000 2018,-0.2263,0.0,0.913,0.087,70,"Due to #NFL football game overrun, #CBS Sunday lineup is delayed in ATL, Indy, NOLA, Kansas City, NYC, Philly, Prov‚Ä¶ https://t.co/fejqoxtvSY"
CBS,Sun Sep 23 14:00:00 +0000 2018,0.0,0.0,1.0,0.0,71,Kick off your Sunday with @NFL on CBS. Catch your local games live on CBS and @CBSAllAccess. üèàüì∫‚Ä¶ https://t.co/kbo7N27mY9
CBS,Fri Sep 21 19:18:00 +0000 2018,0.296,0.144,0.758,0.098,72,"How does $100,000 sound? Because someone is going to win all that tonight on the @TKOCBS Battle Royale finale at 9p‚Ä¶ https://t.co/JEuUZ2QlQh"
CBS,Fri Sep 21 17:46:26 +0000 2018,-0.1531,0.142,0.672,0.187,73,@colbertlateshow @IainLoveTheatre @IainLoveTheatre made a compelling argument. We'll get back to you. üòâ
CBS,Thu Sep 20 23:17:19 +0000 2018,0.296,0.109,0.891,0.0,74,"Now that @bigbangtheory is entering its last season, Kaley Cuoco admits to @latelateshow she's over the show's noto‚Ä¶ https://t.co/xvhlMWBhSX"
CBS,Thu Sep 20 21:38:21 +0000 2018,0.6467,0.157,0.843,0.0,75,RT @HawaiiFive0CBS: It‚Äôs the big Five-0! üéâ üåä #H50 premiered on this day in 1968! Celebrate 50 years of Hawaii Five-0 with every season of b‚Ä¶
CBS,Thu Sep 20 16:47:26 +0000 2018,0.0,0.0,1.0,0.0,76,RT @JordanPeele: üì∫üåÄ https://t.co/CygbVi4JFC
CBS,Wed Sep 19 19:07:37 +0000 2018,-0.0531,0.176,0.588,0.236,77,The @latelateshow and @JKCorden will never be good enough for @henrygolding's crazy rich mom.‚Ä¶ https://t.co/xVmH5Iyfvs
CBS,Tue Sep 18 17:04:20 +0000 2018,0.6486,0.209,0.791,0.0,78,RT @CBSThisMorning: Imagine receiving a digital friend request from someone claiming to be God. What would you do? The new @CBS drama @GodF‚Ä¶
CBS,Mon Sep 17 22:01:52 +0000 2018,0.9642,0.527,0.473,0.0,79,"RT @PriceIsRight: We're thrilled to be back with all new, fun, and exciting shows!!  We hope to give you another award winning season! HERE‚Ä¶"
CBS,Mon Sep 17 21:41:20 +0000 2018,0.0,0.0,1.0,0.0,80,RT @SalvationCBS: X marks the spot on the heart-stopping season finale of #SalvationCBS tonight at 9/8c on CBS &amp; CBS All Access: https://t.‚Ä¶
CBS,Mon Sep 17 19:18:37 +0000 2018,0.3612,0.263,0.737,0.0,81,Waiting for tonight's @Elementary_CBS season finale like https://t.co/Ou8342vGT9
CBS,Sun Sep 16 23:48:59 +0000 2018,-0.2263,0.0,0.909,0.091,82,"Due to an NFL overrun, the CBS Sunday lineup is delayed in the East/Central cities ONLY. New start times:‚Ä¶ https://t.co/IypoJ0l16P"
CBS,Sun Sep 16 14:33:46 +0000 2018,0.0,0.0,1.0,0.0,83,RT @CBSAllAccess: Sundays were made for NFL on CBS. üèàüíØ Stream NFL on CBS All Access live today: https://t.co/vsod8jGE7N https://t.co/co2528‚Ä¶
CBS,Sat Sep 15 16:00:01 +0000 2018,-0.4322,0.07,0.771,0.159,84,"What happens when a PTA mom steals nearly $100,000 from her daughter's school? Don't miss the #PinkCollarCrimes sea‚Ä¶ https://t.co/Gjiy0pByaE"
CBS,Fri Sep 14 18:22:59 +0000 2018,-0.2481,0.181,0.571,0.248,85,"RT @CBSAllAccess: No internet, no problem. You can now download and play your favorite shows on CBS All Access! üôå Learn how: https://t.co/y‚Ä¶"
CBS,Thu Sep 13 20:52:06 +0000 2018,0.0,0.0,1.0,0.0,86,@PlaggemeyLee Mac's putting something together. üòâ https://t.co/6ww5HlV6Bx
CBS,Thu Sep 13 20:28:06 +0000 2018,0.0,0.0,1.0,0.0,87,This just in... https://t.co/QG3OYF6Rfv
CBS,Thu Sep 13 18:06:49 +0000 2018,0.4753,0.218,0.699,0.083,88,RT @CBSAllAccess: Get excited! Stream original #MurphyBrown episodes for a limited time on CBS All Access before the @MurphyBrownCBS reviva‚Ä¶
CBS,Mon Sep 10 17:06:16 +0000 2018,0.0,0.0,1.0,0.0,89,"This just in! The 54th #ACMawards will air LIVE from Las Vegas on Sunday, April 7, 2019 at 8/7c on CBS and‚Ä¶ https://t.co/Q9e7qxe26l"
CBS,Sun Sep 09 23:36:09 +0000 2018,-0.2263,0.0,0.917,0.083,90,"Due to an NFL overrun, CBS is delayed 17 mins in the following markets: Kansas City, Miami, Tampa, NOLA, New York,‚Ä¶ https://t.co/9eXZ9mA1Xb"
CBS,Sun Sep 09 14:00:00 +0000 2018,0.6705,0.282,0.718,0.0,91,Are you ready for some football? üèà Stream your favorite NFL games LIVE on #CBSAllAccess today:‚Ä¶ https://t.co/eHt8guHoyv
CBS,Sat Sep 08 16:20:43 +0000 2018,0.4215,0.149,0.851,0.0,92,An unforgettable night of inspiring stories and performances highlighting the 10 years of impact #StandUpToCancer c‚Ä¶ https://t.co/8bp2XNKwfH
CBS,Sat Sep 08 00:00:00 +0000 2018,0.0,0.0,1.0,0.0,93,The star-studded event is about to begin! Tune in now to watch #StandUpToCancer on CBS and @cbsallaccess. https://t.co/cD8TJuQBog
CBS,Fri Sep 07 23:15:09 +0000 2018,-0.5411,0.092,0.712,0.196,94,"RT @cbsallaccess: Join #TellMeAStory's @daniellemcam, @BillyMagnussen &amp; Dorian Missick by standing up to cancer! Watch @SU2C tonight at 8/7‚Ä¶"
CBS,Fri Sep 07 21:50:51 +0000 2018,0.0,0.0,1.0,0.0,95,Tune in to a first-of-its-kind digital live show as lead up to @SU2C‚Äôs televised event tonight! The show will featu‚Ä¶ https://t.co/hIVaLAXYmR
CBS,Thu Sep 06 22:10:49 +0000 2018,-0.296,0.0,0.879,0.121,96,Hollywood legend Burt Reynolds has passed away at the age of 82. He will be missed. https://t.co/HSmcJ9X9iC
CBS,Thu Sep 06 19:00:01 +0000 2018,0.4753,0.192,0.808,0.0,97,Here are @FBICBS‚Äô @JeremySisto and @EboneeReigne with a powerful message before #StandUpToCancer airs tomorrow! https://t.co/OCqh91N1OO
CBS,Wed Sep 05 21:00:00 +0000 2018,0.0,0.0,1.0,0.0,98,Here's everything you need to know before tuning into #StandUpToCancer this Friday at 8/7c: https://t.co/IT9ht84TZ1 https://t.co/OK4AOxw5mP
CBS,Wed Sep 05 17:32:40 +0000 2018,0.3612,0.111,0.889,0.0,99,Survivor host @JeffProbst is here to break down the theme of #Survivor: David vs. Goliath before the new season beg‚Ä¶ https://t.co/8TcA200eFQ
CBS,Wed Sep 05 16:48:09 +0000 2018,0.6908,0.533,0.467,0.0,100,"Thanks, @StephenAtHome. 
P.S. Nice beard. #LSSC https://t.co/wppVtfR9cL"
CNN,Sat Oct 06 02:36:14 +0000 2018,0.7906,0.292,0.708,0.0,1,"Justice Elena Kagan expresses concern as to whether the US Supreme Court will have a ""middle position"" going forwar‚Ä¶ https://t.co/qB51s9FTom"
CNN,Sat Oct 06 02:31:18 +0000 2018,0.6705,0.31,0.542,0.148,2,This woman is being hailed as a hero after confronting another woman who was criticizing two friends for speaking S‚Ä¶ https://t.co/YvdfBuahlS
CNN,Sat Oct 06 02:27:48 +0000 2018,0.0,0.0,1.0,0.0,3,How the Democrats got outplayed on Kavanaugh | By Julian Zelizer via @CNNOpinion https://t.co/DDeb334HSc https://t.co/HkG8tUCwVP
CNN,Sat Oct 06 02:26:06 +0000 2018,0.1027,0.114,0.787,0.098,4,"RT @CuomoPrimeTime: ""I always thought there was hope. That's why I was fighting. ... When I spoke with Senator Flake, I did not think that‚Ä¶"
CNN,Sat Oct 06 02:16:19 +0000 2018,0.4215,0.128,0.872,0.0,5,The FDA has approved the use of a human papillomavirus vaccine called Gardasil 9 for men and women between the ages‚Ä¶ https://t.co/upmevwjuJN
CNN,Sat Oct 06 02:15:39 +0000 2018,0.0772,0.071,0.929,0.0,6,"RT @AC360: ""C'mon Carrie, be realistic."" 
@JeffreyToobin challenges @JCNSeverino on the goals, and potential implications, of adding Judge‚Ä¶"
CNN,Sat Oct 06 02:07:13 +0000 2018,0.3182,0.108,0.892,0.0,7,"Sen. Lisa Murkowski said she remains a ""no"" on Supreme Court nominee Brett Kavanaugh but will vote ""present"" for Sa‚Ä¶ https://t.co/HhvrujSjD7"
CNN,Sat Oct 06 01:54:03 +0000 2018,-0.3412,0.0,0.897,0.103,8,"Juror after juror said Jason Van Dyke was not a good witness. He was rehearsed, some said. He was not believable, s‚Ä¶ https://t.co/xkb34pO9St"
CNN,Sat Oct 06 01:47:41 +0000 2018,0.0,0.0,1.0,0.0,9,"RT @OutFrontCNN: Democratic nominee Ayanna Pressley says Brett Kavanaugh's confirmation is a ""permanent black eye"" on the Senate and believ‚Ä¶"
CNN,Sat Oct 06 01:47:32 +0000 2018,-0.25,0.0,0.909,0.091,10,"RT @AC360: In a sit-down interview with @DanaBashCNN, Dr. Ford's lawyers address the accusation that her testimony was designed simply to c‚Ä¶"
CNN,Sat Oct 06 01:23:21 +0000 2018,-0.1244,0.0,0.915,0.085,11,A lawyer representing Christine Blasey Ford says she absolutely does not want Brett Kavanaugh impeached if Democrat‚Ä¶ https://t.co/2G1jjQB6Zt
CNN,Sat Oct 06 01:17:10 +0000 2018,0.0,0.0,1.0,0.0,12,"RT @cnnbrk: Sen. Steve Daines will be attending his daughter's wedding Saturday in Montana, but still may fly back to Washington to vote to‚Ä¶"
CNN,Sat Oct 06 01:08:18 +0000 2018,0.0,0.0,1.0,0.0,13,This Louisiana library waived its $3 late fee for an overdue book that was returned after 84 years‚Ä¶ https://t.co/98gzdAs93s
CNN,Sat Oct 06 00:54:26 +0000 2018,0.743,0.283,0.717,0.0,14,Former President George W. Bush made several calls reassuring Sen. Susan Collins about Supreme Court nominee Brett‚Ä¶ https://t.co/noo3ZYN41P
CNN,Sat Oct 06 00:48:35 +0000 2018,0.3182,0.204,0.796,0.0,15,'Emotional' Facebook staff meeting addresses exec who supported Kavanaugh https://t.co/wpzGO6HVIa
CNN,Sat Oct 06 00:46:55 +0000 2018,0.4019,0.105,0.895,0.0,16,Sen. Joe Manchin of West Virginia is on track to be the only Senate Democrat to break ranks with his party and vote‚Ä¶ https://t.co/o6QEOIC9R2
CNN,Sat Oct 06 00:31:45 +0000 2018,0.7506,0.242,0.758,0.0,17,"""I have a very high standard. I have a very high bar for any nominee to the Supreme Court of the United States."" -‚Ä¶ https://t.co/EqdCRXFSvN"
CNN,Sat Oct 06 00:26:32 +0000 2018,0.0,0.0,1.0,0.0,18,"RT @CNNPolitics: Murkowski: ""A judge shall act at all times, not just sometimes when you're wearing your robe. But, a judge should act at a‚Ä¶"
CNN,Sat Oct 06 00:25:09 +0000 2018,0.2732,0.158,0.739,0.103,19,"What's behind President Trump's drop on the Forbes annual ""400 Wealthiest"" list? CNN's Brian Todd reports‚Ä¶ https://t.co/wwfdgjGrM7"
CNN,Sat Oct 06 00:17:01 +0000 2018,0.4215,0.141,0.859,0.0,20,An ongoing US military research project that is exploring a new biotechnology to genetically modify mature crops ha‚Ä¶ https://t.co/7oPMq4AhAr
CNN,Sat Oct 06 02:36:14 +0000 2018,0.7906,0.292,0.708,0.0,21,"Justice Elena Kagan expresses concern as to whether the US Supreme Court will have a ""middle position"" going forwar‚Ä¶ https://t.co/qB51s9FTom"
CNN,Sat Oct 06 02:31:18 +0000 2018,0.6705,0.31,0.542,0.148,22,This woman is being hailed as a hero after confronting another woman who was criticizing two friends for speaking S‚Ä¶ https://t.co/YvdfBuahlS
CNN,Sat Oct 06 02:27:48 +0000 2018,0.0,0.0,1.0,0.0,23,How the Democrats got outplayed on Kavanaugh | By Julian Zelizer via @CNNOpinion https://t.co/DDeb334HSc https://t.co/HkG8tUCwVP
CNN,Sat Oct 06 02:26:06 +0000 2018,0.1027,0.114,0.787,0.098,24,"RT @CuomoPrimeTime: ""I always thought there was hope. That's why I was fighting. ... When I spoke with Senator Flake, I did not think that‚Ä¶"
CNN,Sat Oct 06 02:16:19 +0000 2018,0.4215,0.128,0.872,0.0,25,The FDA has approved the use of a human papillomavirus vaccine called Gardasil 9 for men and women between the ages‚Ä¶ https://t.co/upmevwjuJN
CNN,Sat Oct 06 02:15:39 +0000 2018,0.0772,0.071,0.929,0.0,26,"RT @AC360: ""C'mon Carrie, be realistic."" 
@JeffreyToobin challenges @JCNSeverino on the goals, and potential implications, of adding Judge‚Ä¶"
CNN,Sat Oct 06 02:07:13 +0000 2018,0.3182,0.108,0.892,0.0,27,"Sen. Lisa Murkowski said she remains a ""no"" on Supreme Court nominee Brett Kavanaugh but will vote ""present"" for Sa‚Ä¶ https://t.co/HhvrujSjD7"
CNN,Sat Oct 06 01:54:03 +0000 2018,-0.3412,0.0,0.897,0.103,28,"Juror after juror said Jason Van Dyke was not a good witness. He was rehearsed, some said. He was not believable, s‚Ä¶ https://t.co/xkb34pO9St"
CNN,Sat Oct 06 01:47:41 +0000 2018,0.0,0.0,1.0,0.0,29,"RT @OutFrontCNN: Democratic nominee Ayanna Pressley says Brett Kavanaugh's confirmation is a ""permanent black eye"" on the Senate and believ‚Ä¶"
CNN,Sat Oct 06 01:47:32 +0000 2018,-0.25,0.0,0.909,0.091,30,"RT @AC360: In a sit-down interview with @DanaBashCNN, Dr. Ford's lawyers address the accusation that her testimony was designed simply to c‚Ä¶"
CNN,Sat Oct 06 01:23:21 +0000 2018,-0.1244,0.0,0.915,0.085,31,A lawyer representing Christine Blasey Ford says she absolutely does not want Brett Kavanaugh impeached if Democrat‚Ä¶ https://t.co/2G1jjQB6Zt
CNN,Sat Oct 06 01:17:10 +0000 2018,0.0,0.0,1.0,0.0,32,"RT @cnnbrk: Sen. Steve Daines will be attending his daughter's wedding Saturday in Montana, but still may fly back to Washington to vote to‚Ä¶"
CNN,Sat Oct 06 01:08:18 +0000 2018,0.0,0.0,1.0,0.0,33,This Louisiana library waived its $3 late fee for an overdue book that was returned after 84 years‚Ä¶ https://t.co/98gzdAs93s
CNN,Sat Oct 06 00:54:26 +0000 2018,0.743,0.283,0.717,0.0,34,Former President George W. Bush made several calls reassuring Sen. Susan Collins about Supreme Court nominee Brett‚Ä¶ https://t.co/noo3ZYN41P
CNN,Sat Oct 06 00:48:35 +0000 2018,0.3182,0.204,0.796,0.0,35,'Emotional' Facebook staff meeting addresses exec who supported Kavanaugh https://t.co/wpzGO6HVIa
CNN,Sat Oct 06 00:46:55 +0000 2018,0.4019,0.105,0.895,0.0,36,Sen. Joe Manchin of West Virginia is on track to be the only Senate Democrat to break ranks with his party and vote‚Ä¶ https://t.co/o6QEOIC9R2
CNN,Sat Oct 06 00:31:45 +0000 2018,0.7506,0.242,0.758,0.0,37,"""I have a very high standard. I have a very high bar for any nominee to the Supreme Court of the United States."" -‚Ä¶ https://t.co/EqdCRXFSvN"
CNN,Sat Oct 06 00:26:32 +0000 2018,0.0,0.0,1.0,0.0,38,"RT @CNNPolitics: Murkowski: ""A judge shall act at all times, not just sometimes when you're wearing your robe. But, a judge should act at a‚Ä¶"
CNN,Sat Oct 06 00:25:09 +0000 2018,0.2732,0.158,0.739,0.103,39,"What's behind President Trump's drop on the Forbes annual ""400 Wealthiest"" list? CNN's Brian Todd reports‚Ä¶ https://t.co/wwfdgjGrM7"
CNN,Sat Oct 06 00:17:01 +0000 2018,0.4215,0.141,0.859,0.0,40,An ongoing US military research project that is exploring a new biotechnology to genetically modify mature crops ha‚Ä¶ https://t.co/7oPMq4AhAr
CNN,Sat Oct 06 00:08:24 +0000 2018,0.7506,0.234,0.766,0.0,41,"RT @OutFrontCNN: ""I have a very high standard. I have a very high bar for any nominee to the Supreme Court of the United States."" - Alaska‚Ä¶"
CNN,Sat Oct 06 00:08:08 +0000 2018,0.7003,0.234,0.766,0.0,42,"RT @CNNPolitics: Republican Sen. Lisa Murkowski: ""I was truly leaning toward supporting Judge Kavanaugh in his nomination, as I looked to t‚Ä¶"
CNN,Sat Oct 06 00:05:21 +0000 2018,-0.3182,0.0,0.897,0.103,43,Senate Judiciary Chairman Chuck Grassley suggested that the lack of women on the committee was due to its heavy wor‚Ä¶ https://t.co/fTPj8ZSr5i
CNN,Fri Oct 05 23:58:41 +0000 2018,0.0,0.0,1.0,0.0,44,25 headlines that sum up this week in the Trump administration | Analysis by CNN's Brenna Williams‚Ä¶ https://t.co/0Ru6aCAqVx
CNN,Fri Oct 05 23:57:59 +0000 2018,0.7906,0.28,0.72,0.0,45,"RT @OutFrontCNN: Justice Elena Kagan expresses concern as to whether the Supreme Court will have a ""middle position"" going forward https://‚Ä¶"
CNN,Fri Oct 05 23:57:39 +0000 2018,0.0,0.0,1.0,0.0,46,"RT @OutFrontCNN: Alaska Sen. Lisa Murkowski, who is on track to be the sole Republican senator to oppose Brett Kavanaugh's nomination to th‚Ä¶"
CNN,Fri Oct 05 23:41:06 +0000 2018,0.0,0.0,1.0,0.0,47,Alaska Sen. Lisa Murkowski is on track to be the sole Republican senator to oppose Brett Kavanaugh's nomination to‚Ä¶ https://t.co/wmqQuuPUca
CNN,Fri Oct 05 23:39:33 +0000 2018,0.3818,0.136,0.786,0.079,48,"RT @OutFrontCNN: ""This is a major win for the Republican establishment, no question. We'll see now what voters have to say as they chew thi‚Ä¶"
CNN,Fri Oct 05 23:39:20 +0000 2018,0.3612,0.098,0.902,0.0,49,"RT @CNNSitRoom: Dr. Christine Blasey Ford's lawyer tells Dana Bash ""I don't think she has any regrets,"" adding, ""I think she feels like she‚Ä¶"
CNN,Fri Oct 05 23:34:01 +0000 2018,0.3612,0.116,0.884,0.0,50,"""Our country has allowed men like Brett Kavanaugh to use our founding documents to preserve their power and privile‚Ä¶ https://t.co/ioTWLte7MQ"
CNN,Fri Oct 05 23:27:06 +0000 2018,0.0,0.0,1.0,0.0,51,"By the time GOP Sen. Susan Collins finished her speech on the Senate floor, Democrats in Maine had begun speculatin‚Ä¶ https://t.co/D6I5YJEliX"
CNN,Fri Oct 05 23:11:02 +0000 2018,0.0,0.0,1.0,0.0,52,There are slightly more Republican-appointed federal judges sitting on the bench right now than those appointed by‚Ä¶ https://t.co/n07Qj049vU
CNN,Fri Oct 05 23:01:02 +0000 2018,0.0,0.0,1.0,0.0,53,First lady Melania Trump's latest white hat evokes a colonialist comparison https://t.co/kOErJuwqGh https://t.co/pcL3sGBI2h
CNN,Fri Oct 05 22:57:36 +0000 2018,0.0,0.0,1.0,0.0,54,"RT @CNNSitRoom: ""The reality is, he showed me who he was when he was before the Senate Judiciary Committee ... he showed me to be a partisa‚Ä¶"
CNN,Fri Oct 05 22:51:03 +0000 2018,0.0772,0.071,0.929,0.0,55,"Susan Rice tweets ""Me"" when asked who could challenge Maine GOP Sen. Susan Collins in 2020 https://t.co/bD1hrp3mkM https://t.co/MMVixtXe7v"
CNN,Fri Oct 05 22:41:04 +0000 2018,0.4215,0.135,0.865,0.0,56,The FDA has revoked the use of seven food additives after environmentalists and food safety experts presented data‚Ä¶ https://t.co/1DIF89OHR6
CNN,Fri Oct 05 22:31:03 +0000 2018,0.25,0.17,0.708,0.123,57,Partisanship questions threaten to shadow Brett Kavanaugh on the Supreme Court | Analysis by CNN's Joan Biskupic‚Ä¶ https://t.co/FrJLG86Ta1
CNN,Fri Oct 05 22:25:04 +0000 2018,0.0,0.0,1.0,0.0,58,"With Sens. Collins and Manchin announcing they're a ‚ÄúYes‚Äù on SCOTUS nominee Brett Kavanaugh, Full Circle focuses on‚Ä¶ https://t.co/hSstb7ls9r"
CNN,Fri Oct 05 22:21:06 +0000 2018,0.0,0.0,1.0,0.0,59,A police escort led a convoy of buses and cars on the way to Pike County High School's first game since Dylan Thoma‚Ä¶ https://t.co/DQjbpsahZv
CNN,Fri Oct 05 22:21:05 +0000 2018,-0.1779,0.275,0.403,0.322,60,A top US admiral warns of a Russian submarine threat https://t.co/sCBTG8liJO https://t.co/zYBgNcAXzg
CNN,Fri Oct 05 22:21:02 +0000 2018,-0.0258,0.15,0.642,0.209,61,"A two-year-old boy shredded more than $1,000 his parents had saved to pay a debt https://t.co/mNZgfQ6xiu https://t.co/n8ikknh1C5"
CNN,Fri Oct 05 22:13:05 +0000 2018,0.0,0.0,1.0,0.0,62,"""The investigation and much of what has gone along with it amount to a cover-up,"" Frida Ghitis writes about the Kav‚Ä¶ https://t.co/1pXsRiwNqz"
CNN,Fri Oct 05 22:02:59 +0000 2018,0.6378,0.253,0.633,0.113,63,"RT @CNNSitRoom: ""I'm very disappointed ... we're going to put, on the Supreme Court, for a lifetime appointment, someone with this kind of‚Ä¶"
CNN,Fri Oct 05 22:01:02 +0000 2018,0.0,0.0,1.0,0.0,64,"With Sens. Collins and Manchin announcing they're a ‚ÄúYes‚Äù on SCOTUS nominee Brett Kavanaugh, Full Circle focuses on‚Ä¶ https://t.co/YPuyY7dBn6"
CNN,Fri Oct 05 22:01:00 +0000 2018,0.4404,0.132,0.868,0.0,65,"A rock that was used as a doorstop for the past 30 years turned out to be a meteorite valued at $100,000‚Ä¶ https://t.co/ofgtyZvze2"
CNN,Fri Oct 05 21:39:18 +0000 2018,0.0,0.0,1.0,0.0,66,"At 106 (and 1/2), this doctor isn't slowing down https://t.co/l59QWAFkfX https://t.co/PfjRmoKOtU"
CNN,Fri Oct 05 21:26:27 +0000 2018,0.2023,0.114,0.886,0.0,67,An eight-year-old girl found a pre-Viking-era sword while she was playing in a lake in Sweden‚Ä¶ https://t.co/sfeAJqtTyT
CNN,Fri Oct 05 21:22:53 +0000 2018,0.0,0.0,1.0,0.0,68,"Did a breach at Duke Energy's L.V. Sutton plant in Wilmington, North Carolina -- which stores coal ash -- last mont‚Ä¶ https://t.co/noZBsVRpcT"
CNN,Fri Oct 05 21:16:48 +0000 2018,0.6908,0.241,0.759,0.0,69,"Doctors are giving ""nature prescriptions"" in the UK's Shetland Islands in an effort to encourage patients to reap t‚Ä¶ https://t.co/MsMApyuELR"
CNN,Fri Oct 05 21:06:53 +0000 2018,-0.34,0.0,0.862,0.138,70,"One year ago, they investigated Harvey Weinstein and sparked a fire that changed the world https://t.co/K3aKbQlZ3o https://t.co/AnKjw9KJqT"
CNN,Fri Oct 05 21:03:33 +0000 2018,-0.1531,0.104,0.769,0.127,71,"RT @TheLeadCNN: After Senators Collins and Manchin say they'll vote yes on Kavanaugh, Democratic Sen. Dick Durbin says that his message to‚Ä¶"
CNN,Fri Oct 05 20:49:58 +0000 2018,0.7906,0.368,0.632,0.0,72,Susan Collins just made Brett Kavanaugh a Supreme Court justice | Analysis by @CillizzaCNN https://t.co/88xhhaQuhP https://t.co/ifbtg0vbCJ
CNN,Fri Oct 05 20:44:44 +0000 2018,0.0,0.0,1.0,0.0,73,"RT @TheLeadCNN: ""This is going to be an issue"" that will ""boost"" Democrat voters, says @TaraSetmayer, after key Senators Collins and Manchi‚Ä¶"
CNN,Fri Oct 05 20:42:43 +0000 2018,0.7184,0.25,0.75,0.0,74,"Brett Kavanaugh appears to have enough Senate votes to be confirmed to the Supreme Court, likely giving President T‚Ä¶ https://t.co/UlTjXRj3Nt"
CNN,Fri Oct 05 20:35:30 +0000 2018,0.4404,0.162,0.838,0.0,75,Republican Sen. Susan Collins just announced that she is supporting Brett Kavanaugh's confirmation after delivering‚Ä¶ https://t.co/GYIvs19RFs
CNN,Fri Oct 05 20:27:54 +0000 2018,0.508,0.147,0.853,0.0,76,"RT @CNNnewsroom: Amid a chorus of ""Shame! Shame!"" chants, @SenJoeManchine details his reasons for voting Yes on Judge Brett Kavanaugh's #SC‚Ä¶"
CNN,Fri Oct 05 20:23:53 +0000 2018,0.3365,0.155,0.755,0.09,77,"Protesters chanted, ""Shame! Shame!"" as Sen. Joe Manchin spoke to reporters after announcing support for Brett Kavan‚Ä¶ https://t.co/m3IgayyyGP"
CNN,Fri Oct 05 20:06:59 +0000 2018,0.743,0.296,0.704,0.0,78,"Democratic Sen. Joe Manchin tweets: ""I will vote to support Supreme Court nominee Judge Brett Kavanaugh""‚Ä¶ https://t.co/iO0RVtg3Gw"
CNN,Fri Oct 05 20:04:43 +0000 2018,-0.5859,0.0,0.847,0.153,79,"RT @CNNPolitics: Collins: ""Every person, man or woman, who makes a charge of sexual assault deserves to be heard and treated with respect.‚Ä¶"
CNN,Fri Oct 05 20:03:02 +0000 2018,0.4019,0.124,0.876,0.0,80,"Minutes after Sen. Susan Collins announced on the Senate floor that she would vote yes to confirm Brett Kavanaugh,‚Ä¶ https://t.co/yVHXyB9PbO"
CNN,Fri Oct 05 19:59:50 +0000 2018,0.0,0.0,1.0,0.0,81,"GOP Sen. Susan Collins: ""I will vote to confirm Judge Kavanaugh"" https://t.co/M1NxsRuaEp https://t.co/hpNNnL3WPw"
CNN,Fri Oct 05 19:56:38 +0000 2018,0.5574,0.194,0.806,0.0,82,"Republican Sen. Susan Collins says she will vote ""yes"" on Supreme Court nominee Kavanaugh https://t.co/fLbBJyvzSM https://t.co/8CE3EIGy6x"
CNN,Fri Oct 05 19:45:19 +0000 2018,-0.4767,0.0,0.819,0.181,83,FIFA has suspended Sierra Leone from world football over claims of government interference https://t.co/brl7lBrQbE https://t.co/Je1mKvzTXs
CNN,Fri Oct 05 19:30:01 +0000 2018,0.0,0.0,1.0,0.0,84,"RT @CNNPolitics: ""My duty as a senator is to focus on the nominee's qualifications as long as that nominee's philosophy is within the mains‚Ä¶"
CNN,Fri Oct 05 19:29:36 +0000 2018,0.5267,0.145,0.855,0.0,85,"Sketches and notes by J.K. Rowling, along with other magical inspiration from around the world, are on display to h‚Ä¶ https://t.co/vZh52SL3gO"
CNN,Fri Oct 05 19:17:54 +0000 2018,0.0,0.0,1.0,0.0,86,"RT @CNNPolitics: Republican Sen. Susan Collins: ""Today we have come to the conclusion of a confirmation process that has become so dysfunct‚Ä¶"
CNN,Fri Oct 05 19:16:10 +0000 2018,0.0,0.0,1.0,0.0,87,"Sen. Susan Collins is announcing how she plans to vote on Brett Kavanaugh.

Follow live updates:‚Ä¶ https://t.co/sc4b27zskg"
CNN,Fri Oct 05 19:14:00 +0000 2018,0.0,0.0,1.0,0.0,88,Republican Sen. Susan Collins announces how she will vote on Kavanaugh. Watch CNN: https://t.co/UYpqI3w42L https://t.co/AR8UxenBpM
CNN,Fri Oct 05 19:10:08 +0000 2018,0.2748,0.095,0.905,0.0,89,Traffic jams and loud horns after midnight. Folks in Ireland are more than just a little excited now that the count‚Ä¶ https://t.co/rrFpwtChKa
CNN,Fri Oct 05 19:08:53 +0000 2018,-0.9081,0.0,0.599,0.401,90,BREAKING: Chicago police Officer Jason Van Dyke has been found guilty of second-degree murder in the death of Laqua‚Ä¶ https://t.co/wjoGThXDhY
CNN,Fri Oct 05 18:56:38 +0000 2018,0.2023,0.164,0.664,0.172,91,"Mike ""The Situation"" Sorrentino, best known from MTV's ""Jersey Shore,"" is sentenced to eight months in prison for t‚Ä¶ https://t.co/H6lBugshuL"
CNN,Fri Oct 05 18:50:07 +0000 2018,-0.3182,0.0,0.839,0.161,92,Greg Gianforte's private plane could be critical to Brett Kavanaugh's confirmation https://t.co/9FDHdSlxeL https://t.co/gh4nBnREEA
CNN,Fri Oct 05 18:40:16 +0000 2018,0.6705,0.322,0.524,0.154,93,This woman is being hailed a hero after confronting another woman who was criticizing two friends for speaking Span‚Ä¶ https://t.co/Mfb9jC4HW9
CNN,Fri Oct 05 18:30:06 +0000 2018,0.6105,0.159,0.841,0.0,94,"""I actually got to eat my food while it was still hot!‚Äù: This incredibly kind Olive Garden waitress helped feed a f‚Ä¶ https://t.co/yl2iCWBkw9"
CNN,Fri Oct 05 18:23:22 +0000 2018,-0.872,0.097,0.55,0.353,95,RT @cnnbrk: A verdict is reached in the trial of a Chicago police officer charged with murder in the killing of 17-year-old Laquan McDonald‚Ä¶
CNN,Fri Oct 05 18:20:06 +0000 2018,-0.0274,0.152,0.737,0.111,96,"Vitamin D supplements do not improve bone mineral density or prevent fractures or falls in adults, a large study fi‚Ä¶ https://t.co/IOaSMC6DIo"
CNN,Fri Oct 05 18:10:04 +0000 2018,-0.6908,0.0,0.761,0.239,97,"Nike has said it is ""deeply concerned"" by the rape allegation against Cristiano Ronaldo https://t.co/C6jQ29Rf8N https://t.co/RjBuWu9TyE"
CNN,Fri Oct 05 18:00:02 +0000 2018,-0.0258,0.15,0.642,0.209,98,"A two-year-old boy shredded more than $1,000 his parents had saved to pay a debt https://t.co/mNZgfPOVTU https://t.co/dl2WWnLarv"
CNN,Fri Oct 05 17:50:07 +0000 2018,-0.5267,0.0,0.812,0.188,99,"Republican Sen. Lisa Murkowski voted no on cloture earlier this morning, and will vote no on the final Kavanaugh co‚Ä¶ https://t.co/H1FfzWVJGW"
CNN,Fri Oct 05 17:40:10 +0000 2018,0.0,0.0,1.0,0.0,100,All the ways Amazon's AI brought me the socks I am wearing right now | via @mattmcfarland https://t.co/91706JGMEU https://t.co/DykZ7An1Id
FoxNews,Sat Oct 06 02:38:00 +0000 2018,-0.6486,0.0,0.777,0.223,1,"‚ÄòBachelor‚Äô contestant Cristy Caserta dead at 38 after passing out during training course, police say https://t.co/w5Bt1YheM3"
FoxNews,Sat Oct 06 02:35:01 +0000 2018,-0.5574,0.0,0.854,0.146,2,".@SenTedCruz: ""What we've seen in the last two years is the extreme left is just filled with rage, they're filled w‚Ä¶ https://t.co/YxJ8GVdCLu"
FoxNews,Sat Oct 06 02:33:00 +0000 2018,0.0,0.0,1.0,0.0,3,Mayor de Blasio dismisses homeless woman in NYC gym: 'I'm doing my workout' https://t.co/doIUgPxzwV
FoxNews,Sat Oct 06 02:27:00 +0000 2018,-0.2732,0.121,0.669,0.209,4,".@SenTedCruz on Kavanaugh nomination: ""It was a ridiculous circus and they were willing to smear a good man and his‚Ä¶ https://t.co/yAnpyM55zr"
FoxNews,Sat Oct 06 02:17:00 +0000 2018,-0.3818,0.0,0.874,0.126,5,".@SenTedCruz: ""I think this Kavanaugh fight really underscores what the stakes are in U.S. Senate races across the‚Ä¶ https://t.co/T10eniUDEV"
FoxNews,Sat Oct 06 02:12:00 +0000 2018,0.3612,0.122,0.878,0.0,6,".@LindseyGrahamSC: ""One thing I like about @SenatorCollins: If you think you can change her mind by yelling at her‚Ä¶ https://t.co/WSFs9AWxJf"
FoxNews,Sat Oct 06 02:07:00 +0000 2018,0.4019,0.144,0.856,0.0,7,".@LindseyGrahamSC: ""If you keep the Republican Party in place that means there'll be an alliance between‚Ä¶ https://t.co/8d0ugfU7q5"
FoxNews,Sat Oct 06 02:04:00 +0000 2018,0.4404,0.153,0.847,0.0,8,"In a new op-ed, @charliekirk11 said @SenatorCollins ""deserves the thanks of all Americans"" for announcing she will‚Ä¶ https://t.co/5pJ3YE3DaN"
FoxNews,Sat Oct 06 02:02:00 +0000 2018,0.4215,0.149,0.851,0.0,9,".@LindseyGrahamSC on @SenatorCollins' Kavanaugh remarks: ""I think she saved the Senate and the judiciary from slidi‚Ä¶ https://t.co/ud7UoPpWmy"
FoxNews,Sat Oct 06 01:57:00 +0000 2018,-0.3875,0.0,0.859,0.141,10,".@seanhannity on Kavanaugh nomination: ""I don't care if you're a Republican or Democrat, liberal or conservative. W‚Ä¶ https://t.co/z06QxnyGmw"
FoxNews,Sat Oct 06 01:52:00 +0000 2018,-0.765,0.0,0.72,0.28,11,".@seanhannity: ""For the last 22 days we Americans, we have witnessed what is an unrivaled insanity, a madness that‚Ä¶ https://t.co/ftYtmNNwNO"
FoxNews,Sat Oct 06 01:47:30 +0000 2018,0.6908,0.241,0.759,0.0,12,".@seanhannity: ""She bravely restored common sense, decency to the U.S. Senate today and led by example, and she had‚Ä¶ https://t.co/kpDvNlbkpF"
FoxNews,Sat Oct 06 01:29:02 +0000 2018,-0.6486,0.0,0.765,0.235,13,"As early voting set to begin in Arizona, Senate race in virtual dead heat https://t.co/c3D6pnRqwQ"
FoxNews,Sat Oct 06 01:20:15 +0000 2018,0.0,0.0,1.0,0.0,14,".@TheJusticeDept needs to give California $28M, judge says in immigration law ruling against @POTUS administration https://t.co/fNEUxSAjeX"
FoxNews,Sat Oct 06 01:08:36 +0000 2018,-0.5106,0.0,0.699,0.301,15,Capitol Police arrest 101 people in Washington DC amid Kavanaugh protests https://t.co/ZcPk1RY7vv
FoxNews,Sat Oct 06 01:01:33 +0000 2018,0.296,0.128,0.872,0.0,16,"Islamic group chief calls for Muslims to join Christians, Jews in Jerusalem meeting (via @holliesmckay) https://t.co/Qgw3noW46q"
FoxNews,Sat Oct 06 00:54:12 +0000 2018,0.5994,0.234,0.766,0.0,17,SATURDAY: Watch special coverage of the Kavanaugh confirmation vote on Fox News Channel. Join hosts @BillHemmer and‚Ä¶ https://t.co/qnI16HqRNw
FoxNews,Sat Oct 06 00:51:29 +0000 2018,0.1531,0.162,0.707,0.131,18,.@charliekirk11: Kavanaugh fight: Susan Collins stands up to Democratic bullies and becomes a profile in courage https://t.co/geUgfXohdM
FoxNews,Sat Oct 06 00:47:00 +0000 2018,0.4215,0.202,0.798,0.0,19,".@lisamurkowski: ""[Judge Kavanaugh is] a good man. He's clearly a learned judge, but in my conscious...I could not‚Ä¶ https://t.co/xSevEP5RgV"
FoxNews,Sat Oct 06 00:42:21 +0000 2018,-0.5719,0.0,0.791,0.209,20,'I Have a Very High Standard': GOP's Lisa Murkowski Explains 'Agonizing Decision' to Oppose Kavanaugh https://t.co/bwD2Azcs9w
FoxNews,Sat Oct 06 02:38:00 +0000 2018,-0.6486,0.0,0.777,0.223,21,"‚ÄòBachelor‚Äô contestant Cristy Caserta dead at 38 after passing out during training course, police say https://t.co/w5Bt1YheM3"
FoxNews,Sat Oct 06 02:35:01 +0000 2018,-0.5574,0.0,0.854,0.146,22,".@SenTedCruz: ""What we've seen in the last two years is the extreme left is just filled with rage, they're filled w‚Ä¶ https://t.co/YxJ8GVdCLu"
FoxNews,Sat Oct 06 02:33:00 +0000 2018,0.0,0.0,1.0,0.0,23,Mayor de Blasio dismisses homeless woman in NYC gym: 'I'm doing my workout' https://t.co/doIUgPxzwV
FoxNews,Sat Oct 06 02:27:00 +0000 2018,-0.2732,0.121,0.669,0.209,24,".@SenTedCruz on Kavanaugh nomination: ""It was a ridiculous circus and they were willing to smear a good man and his‚Ä¶ https://t.co/yAnpyM55zr"
FoxNews,Sat Oct 06 02:17:00 +0000 2018,-0.3818,0.0,0.874,0.126,25,".@SenTedCruz: ""I think this Kavanaugh fight really underscores what the stakes are in U.S. Senate races across the‚Ä¶ https://t.co/T10eniUDEV"
FoxNews,Sat Oct 06 02:12:00 +0000 2018,0.3612,0.122,0.878,0.0,26,".@LindseyGrahamSC: ""One thing I like about @SenatorCollins: If you think you can change her mind by yelling at her‚Ä¶ https://t.co/WSFs9AWxJf"
FoxNews,Sat Oct 06 02:07:00 +0000 2018,0.4019,0.144,0.856,0.0,27,".@LindseyGrahamSC: ""If you keep the Republican Party in place that means there'll be an alliance between‚Ä¶ https://t.co/8d0ugfU7q5"
FoxNews,Sat Oct 06 02:04:00 +0000 2018,0.4404,0.153,0.847,0.0,28,"In a new op-ed, @charliekirk11 said @SenatorCollins ""deserves the thanks of all Americans"" for announcing she will‚Ä¶ https://t.co/5pJ3YE3DaN"
FoxNews,Sat Oct 06 02:02:00 +0000 2018,0.4215,0.149,0.851,0.0,29,".@LindseyGrahamSC on @SenatorCollins' Kavanaugh remarks: ""I think she saved the Senate and the judiciary from slidi‚Ä¶ https://t.co/ud7UoPpWmy"
FoxNews,Sat Oct 06 01:57:00 +0000 2018,-0.3875,0.0,0.859,0.141,30,".@seanhannity on Kavanaugh nomination: ""I don't care if you're a Republican or Democrat, liberal or conservative. W‚Ä¶ https://t.co/z06QxnyGmw"
FoxNews,Sat Oct 06 01:52:00 +0000 2018,-0.765,0.0,0.72,0.28,31,".@seanhannity: ""For the last 22 days we Americans, we have witnessed what is an unrivaled insanity, a madness that‚Ä¶ https://t.co/ftYtmNNwNO"
FoxNews,Sat Oct 06 01:47:30 +0000 2018,0.6908,0.241,0.759,0.0,32,".@seanhannity: ""She bravely restored common sense, decency to the U.S. Senate today and led by example, and she had‚Ä¶ https://t.co/kpDvNlbkpF"
FoxNews,Sat Oct 06 01:29:02 +0000 2018,-0.6486,0.0,0.765,0.235,33,"As early voting set to begin in Arizona, Senate race in virtual dead heat https://t.co/c3D6pnRqwQ"
FoxNews,Sat Oct 06 01:20:15 +0000 2018,0.0,0.0,1.0,0.0,34,".@TheJusticeDept needs to give California $28M, judge says in immigration law ruling against @POTUS administration https://t.co/fNEUxSAjeX"
FoxNews,Sat Oct 06 01:08:36 +0000 2018,-0.5106,0.0,0.699,0.301,35,Capitol Police arrest 101 people in Washington DC amid Kavanaugh protests https://t.co/ZcPk1RY7vv
FoxNews,Sat Oct 06 01:01:33 +0000 2018,0.296,0.128,0.872,0.0,36,"Islamic group chief calls for Muslims to join Christians, Jews in Jerusalem meeting (via @holliesmckay) https://t.co/Qgw3noW46q"
FoxNews,Sat Oct 06 00:54:12 +0000 2018,0.5994,0.234,0.766,0.0,37,SATURDAY: Watch special coverage of the Kavanaugh confirmation vote on Fox News Channel. Join hosts @BillHemmer and‚Ä¶ https://t.co/qnI16HqRNw
FoxNews,Sat Oct 06 00:51:29 +0000 2018,0.1531,0.162,0.707,0.131,38,.@charliekirk11: Kavanaugh fight: Susan Collins stands up to Democratic bullies and becomes a profile in courage https://t.co/geUgfXohdM
FoxNews,Sat Oct 06 00:47:00 +0000 2018,0.4215,0.202,0.798,0.0,39,".@lisamurkowski: ""[Judge Kavanaugh is] a good man. He's clearly a learned judge, but in my conscious...I could not‚Ä¶ https://t.co/xSevEP5RgV"
FoxNews,Sat Oct 06 00:42:21 +0000 2018,-0.5719,0.0,0.791,0.209,40,'I Have a Very High Standard': GOP's Lisa Murkowski Explains 'Agonizing Decision' to Oppose Kavanaugh https://t.co/bwD2Azcs9w
FoxNews,Sat Oct 06 00:35:00 +0000 2018,0.4404,0.139,0.861,0.0,41,".@lisamurkowski on Kavanaugh nomination: ""There is some small shred of hope that remains with our judiciary, this j‚Ä¶ https://t.co/PNAefImluW"
FoxNews,Sat Oct 06 00:31:47 +0000 2018,0.7506,0.33,0.67,0.0,42,"Former President @GeorgeHWBush praised the ""political courage and class"" displayed by @SenatorCollins following her‚Ä¶ https://t.co/qhrsjSbdRP"
FoxNews,Sat Oct 06 00:20:43 +0000 2018,0.0,0.0,1.0,0.0,43,.@lisamurkowski on Kavanaugh nomination: There are only 9 seats on the bench of the highest court in the land...occ‚Ä¶ https://t.co/T48tEt55hz
FoxNews,Sat Oct 06 00:12:12 +0000 2018,0.5574,0.194,0.806,0.0,44,Senators make remarks about the nomination of Judge Brett Kavanaugh to the Supreme Court. https://t.co/wUNn5lD372 https://t.co/Uiq05OCF1L
FoxNews,Fri Oct 05 23:53:59 +0000 2018,0.7003,0.279,0.721,0.0,45,.@lisamurkowski: I was truly leaning toward supporting Judge Kavanaugh in his nomination...but we know that in our‚Ä¶ https://t.co/P7jpmtpZHD
FoxNews,Fri Oct 05 23:43:50 +0000 2018,0.5574,0.194,0.806,0.0,46,Sen. @lisamurkowski makes remarks on the nomination of Judge Brett Kavanaugh to the Supreme Court.‚Ä¶ https://t.co/yypGPyMqPB
FoxNews,Fri Oct 05 23:43:50 +0000 2018,0.1779,0.131,0.769,0.1,47,.@WilliamJBennett: I'm worried about the future because I think we now have a situation where a good chunk of the c‚Ä¶ https://t.co/BXIs7vNmBK
FoxNews,Fri Oct 05 23:29:06 +0000 2018,0.5574,0.194,0.806,0.0,48,".@SenJohnKennedy on Kavanaugh Supreme Court nomination: ""If our founders could have envisioned confirmation being l‚Ä¶ https://t.co/tP2NiIgfun"
FoxNews,Fri Oct 05 23:22:39 +0000 2018,-0.4707,0.0,0.797,0.203,49,".@SenJohnKennedy on @FBI report into Kavanaugh allegations: ""I think we're making a mistake not to allow the Americ‚Ä¶ https://t.co/XyfB6ghvg5"
FoxNews,Fri Oct 05 23:17:19 +0000 2018,0.2263,0.146,0.751,0.103,50,.@SenJohnKennedy: There are no winners. I'll bet you this time tomorrow night Judge Kavanaugh...he won't feel like‚Ä¶ https://t.co/q9QdYQlJaY
FoxNews,Fri Oct 05 23:09:45 +0000 2018,0.0,0.0,1.0,0.0,51,"""I have a hunch that none of this is going to end with this confirmation."" ‚Äî @johnrobertsFox reports on the fallout‚Ä¶ https://t.co/GqKR61DiCH"
FoxNews,Fri Oct 05 22:59:15 +0000 2018,-0.5423,0.0,0.743,0.257,52,‚ÄòJersey Shore‚Äô star Mike ‚ÄòThe Situation‚Äô Sorrentino sentenced to 8 months for tax law violations https://t.co/c8MTPhtJ5L
FoxNews,Fri Oct 05 22:58:16 +0000 2018,0.5574,0.205,0.795,0.0,53,Senators speak about the nomination of Judge Brett Kavanaugh to the Supreme Court. https://t.co/wUNn5lD372 https://t.co/95ApbBGwNd
FoxNews,Fri Oct 05 22:55:25 +0000 2018,0.0,0.0,1.0,0.0,54,"Tom Brady throws 500th touchdown pass, ties record with Favre, Peyton Manning https://t.co/MKJa5Am8X3"
FoxNews,Fri Oct 05 22:44:34 +0000 2018,-0.4019,0.0,0.748,0.252,55,'Grow Up': @senorrinhatch Waves Away Female Protesters Who Confronted Him About Kavanaugh https://t.co/IdiswQBH5G
FoxNews,Fri Oct 05 22:38:16 +0000 2018,0.0,0.0,1.0,0.0,56,".@pdoocy: ""Republican candidates have one more day to campaign about Kavanaugh before midterm voters learn his fate‚Ä¶ https://t.co/921GouBrGy"
FoxNews,Fri Oct 05 22:32:57 +0000 2018,0.0,0.0,1.0,0.0,57,The @USNavy @BlueAngels perform over San Francisco Bay.  (Courtesy: KTVU) https://t.co/OpLJvVBFKO
FoxNews,Fri Oct 05 22:31:52 +0000 2018,0.0,0.0,1.0,0.0,58,'I Can See 2022 From My House': Palin Trolls Murkowski on Kavanaugh Opposition https://t.co/kCNG3BH4cB
FoxNews,Fri Oct 05 22:27:35 +0000 2018,-0.2263,0.0,0.894,0.106,59,Hundreds of protesters are demonstrating throughout Washington after several key senators said they would vote yes‚Ä¶ https://t.co/NNUvDR1FVZ
FoxNews,Fri Oct 05 22:18:00 +0000 2018,0.7783,0.286,0.714,0.0,60,The White House is confident that Judge Brett Kavanaugh will be confirmed to the Supreme Court; @johnrobertsFox has‚Ä¶ https://t.co/iqn7EW5Xnb
FoxNews,Fri Oct 05 22:10:06 +0000 2018,0.5574,0.167,0.833,0.0,61,Judge Brett Kavanaugh appears to have the amount of votes needed to be confirmed to the Supreme Court;‚Ä¶ https://t.co/sfmIMCVcV9
FoxNews,Fri Oct 05 22:04:48 +0000 2018,-0.5733,0.0,0.761,0.239,62,".@JesseBWatters on Kavanaugh testimony: ""Democrats don't like the fact that he cried because that emotion propelled‚Ä¶ https://t.co/ZMrZxJaBAE"
FoxNews,Fri Oct 05 21:59:14 +0000 2018,0.6369,0.224,0.776,0.0,63,".@PressSec tweeted Friday to thank @SenatorCollins for ""doing the right thing"" by announcing her vote in favor of S‚Ä¶ https://t.co/mMde2O4zv1"
FoxNews,Fri Oct 05 21:45:44 +0000 2018,0.4767,0.147,0.853,0.0,64,".@JesseBWatters on Kavanaugh nomination: ""I think people respect the fact that this president did not back down, th‚Ä¶ https://t.co/eFT4rWZOcV"
FoxNews,Fri Oct 05 21:34:42 +0000 2018,0.1646,0.099,0.901,0.0,65,".@kilmeade on @SenatorCollins' Kavanaugh remarks: ""That was one of the most comprehensive, but necessary, speeches‚Ä¶ https://t.co/bwozVYJYJD"
FoxNews,Fri Oct 05 21:29:36 +0000 2018,0.4754,0.147,0.853,0.0,66,".@kilmeade: ""The most powerful senator, I think, from here on in, is @Sen_JoeManchin...This is one of the first tim‚Ä¶ https://t.co/vNS5avLGxa"
FoxNews,Fri Oct 05 21:16:16 +0000 2018,-0.296,0.161,0.556,0.283,67,.@Georgetown professor who wished death to @GOP senators supporting Kavanaugh on leave https://t.co/rhDC0AibsP
FoxNews,Fri Oct 05 21:03:06 +0000 2018,0.0,0.0,1.0,0.0,68,".@SenatorCollins: ""I will vote to confirm Judge Kavanaugh."" https://t.co/wUNn5lD372 https://t.co/ZpLr7zAzFV"
FoxNews,Fri Oct 05 21:01:36 +0000 2018,0.4404,0.182,0.818,0.0,69,'I Hope You're Listening': Susan Collins Blasts Ford 'Leaker' in Kavanaugh 'Yea' Speech https://t.co/mHEkiQDHEn
FoxNews,Fri Oct 05 20:46:02 +0000 2018,-0.1027,0.214,0.556,0.231,70,".@SenatorCollins: ""Despite the turbulent, bitter fight surrounding his nomination, my fervent hope is that Brett Ka‚Ä¶ https://t.co/QZ0ULE7J08"
FoxNews,Fri Oct 05 20:42:13 +0000 2018,0.4019,0.137,0.863,0.0,71,All Day Saturday: Tune in for Fox News Channel's special coverage of the Brett Kavanaugh confirmation vote.‚Ä¶ https://t.co/4l8M5vIkrE
FoxNews,Fri Oct 05 20:39:02 +0000 2018,0.7178,0.261,0.739,0.0,72,".@SenatorCollins on the drafters of the Constitution: ""Their vision of a more perfect union does not exist today an‚Ä¶ https://t.co/qKtiX0hTYy"
FoxNews,Fri Oct 05 20:31:40 +0000 2018,0.4404,0.127,0.873,0.0,73,".@SenatorCollins on leaking of Dr. Ford's letter ""To that leaker, who I hope is listening now, let me say that what‚Ä¶ https://t.co/viKDW5Gf06"
FoxNews,Fri Oct 05 20:23:48 +0000 2018,-0.1603,0.0,0.913,0.087,74,.@SenatorCollins on Kavanaugh nomination: Watching [Dr. Ford] I could not help but feel that some people who wanted‚Ä¶ https://t.co/dVWxKujOxb
FoxNews,Fri Oct 05 20:17:21 +0000 2018,-0.6124,0.0,0.762,0.238,75,".@SenatorCollins: ""I have been alarmed and disturbed, however, by some who have suggested that unless Judge Kavanau‚Ä¶ https://t.co/3z3RQ5njfj"
FoxNews,Fri Oct 05 20:09:39 +0000 2018,-0.25,0.057,0.833,0.109,76,".@SenatorCollins on Kavanaugh nomination: ""I do not believe that these charges can fairly prevent Judge Kavanaugh f‚Ä¶ https://t.co/2npB3dXXcZ"
FoxNews,Fri Oct 05 20:07:15 +0000 2018,0.743,0.296,0.704,0.0,77,"BREAKING: Democratic @Sen_JoeManchin says he will vote in favor of Supreme Court nominee Brett Kavanaugh, apparentl‚Ä¶ https://t.co/NzjoidMC0X"
FoxNews,Fri Oct 05 20:02:47 +0000 2018,-0.4404,0.0,0.847,0.153,78,".@SenatorCollins on Kavanaugh nomination: ""I worry that departing from this presumption [of innocence] could lead t‚Ä¶ https://t.co/VMRX8F08M3"
FoxNews,Fri Oct 05 19:55:56 +0000 2018,0.0,0.0,1.0,0.0,79,BREAKING: @SenatorCollins says she intends to vote 'yes' on Kavanaugh confirmation https://t.co/dKrstGPbtF
FoxNews,Fri Oct 05 19:54:27 +0000 2018,0.3818,0.231,0.769,0.0,80,".@SenatorCollins on Kavanaugh nomination: ""Certain fundamental legal principles about due process, the presumption‚Ä¶ https://t.co/wXDOTwXhRp"
FoxNews,Fri Oct 05 19:48:44 +0000 2018,0.0,0.0,1.0,0.0,81,".@SenatorCollins on Kavanaugh nomination: ""Judge Kavanaugh has received rave reviews for his 12-year track record a‚Ä¶ https://t.co/P6b4GT5wMZ"
FoxNews,Fri Oct 05 19:39:31 +0000 2018,0.0772,0.134,0.746,0.119,82,".@SenatorCollins on Kavanaugh nomination: ""There are some who argue that given the current special counsel investig‚Ä¶ https://t.co/2iHHQFMtKC"
FoxNews,Fri Oct 05 19:34:35 +0000 2018,0.0,0.0,1.0,0.0,83,".@SenatorCollins on Kavanaugh nomination: ""I began my evaluation of Judge Kavanaugh's nomination by reviewing his 1‚Ä¶ https://t.co/c35WHCKm7L"
FoxNews,Fri Oct 05 19:31:04 +0000 2018,0.4019,0.162,0.838,0.0,84,".@SenatorCollins on Kavanaugh nomination: ""I've never considered the president's identity or party when evaluating‚Ä¶ https://t.co/t8smrq4vFM"
FoxNews,Fri Oct 05 19:27:40 +0000 2018,0.5574,0.184,0.816,0.0,85,".@SenatorCollins on Kavanaugh nomination: ""Our Supreme Court confirmation process has been in steady decline for mo‚Ä¶ https://t.co/o85eAsd0EJ"
FoxNews,Fri Oct 05 19:24:50 +0000 2018,0.4588,0.158,0.842,0.0,86,".@SenatorCollins on Kavanaugh nomination: ""Interest groups have also spent an unprecedented amount of dark money op‚Ä¶ https://t.co/hy3ZG1cItf"
FoxNews,Fri Oct 05 19:22:15 +0000 2018,0.0387,0.063,0.937,0.0,87,".@SenatorCollins on Kavanaugh nomination: ""A number of senators joined the race to announce their opposition, but t‚Ä¶ https://t.co/rnhvzzYih1"
FoxNews,Fri Oct 05 19:18:10 +0000 2018,0.0,0.0,1.0,0.0,88,".@SenatorCollins on Kavanaugh nomination: ""The president nominated Brett Kavanaugh on July 9. Within moments of tha‚Ä¶ https://t.co/ygwskK2PZA"
FoxNews,Fri Oct 05 19:15:06 +0000 2018,0.0,0.0,1.0,0.0,89,".@SenatorCollins on Kavanaugh nomination: ""Today we have come to the conclusion of a confirmation process that has‚Ä¶ https://t.co/6YGs1eOaVe"
FoxNews,Fri Oct 05 19:07:37 +0000 2018,0.0,0.0,1.0,0.0,90,.@SenatorCollins announces decision on Judge Kavanaugh https://t.co/tO9cA1sX5Z
FoxNews,Fri Oct 05 18:59:12 +0000 2018,-0.8176,0.0,0.634,0.366,91,BREAKING: Chicago police officer found guilty of second-degree murder of black teenager Laquan McDonald https://t.co/1BPgtoXFvF
FoxNews,Fri Oct 05 18:55:16 +0000 2018,-0.5994,0.0,0.671,0.329,92,"Suspected Senate Doxxer had secret Twitter account repeatedly attacking GOP, Kavanaugh https://t.co/GTaMT8fIRl"
FoxNews,Fri Oct 05 18:47:08 +0000 2018,0.0,0.0,1.0,0.0,93,".@donnabrazile: ‚ÄúNow that we‚Äôve heard from Dr. Ford and many others, we‚Äôve heard Mr. Kavanaugh‚Äôs response. I think‚Ä¶ https://t.co/Om0XNy7Dkf"
FoxNews,Fri Oct 05 18:40:41 +0000 2018,0.0772,0.157,0.843,0.0,94,.@donnabrazile: ‚Äú[Millennial women] want to be heard.‚Äù https://t.co/h7r3fZXg4Y
FoxNews,Fri Oct 05 18:32:49 +0000 2018,-0.0258,0.0,0.922,0.078,95,‚ÄòJersey Shore‚Äô star Mike ‚ÄòThe Situation‚Äô Sorrentino sentenced to 8 months for tax evasion https://t.co/I7tEBC7Ced
FoxNews,Fri Oct 05 18:27:16 +0000 2018,0.0,0.0,1.0,0.0,96,"Senate votes 51 to 49, 3 of 4 key senators vote ‚Äúyes‚Äù to advance Kavanaugh nomination https://t.co/RYjqte19Tw https://t.co/ms3obcgDOe"
FoxNews,Fri Oct 05 18:13:56 +0000 2018,-0.4939,0.135,0.676,0.189,97,JUST IN: Verdict reached in case of Chicago police officer who fatally shot black teenager Laquan McDonald https://t.co/1BPgtoXFvF
FoxNews,Fri Oct 05 17:58:03 +0000 2018,0.4939,0.211,0.789,0.0,98,"Kavanaugh allegations thrust Ford's friend, Monica McLean, into spotlight: What to know https://t.co/QegqoVJ0k1"
FoxNews,Fri Oct 05 17:49:31 +0000 2018,0.2023,0.083,0.917,0.0,99,Steven Mulroy: ‚ÄúI think it‚Äôs also important for the FBI to disclose to any judge‚Ä¶that the source of the information‚Ä¶ https://t.co/aOMcUjhW8y
FoxNews,Fri Oct 05 17:44:40 +0000 2018,0.0,0.0,1.0,0.0,100,"Lawyer for Clinton campaign and DNC gave FBI documents for Russia probe, sources say https://t.co/zR8dZsXMKq https://t.co/3HsF65simg"
nytimes,Sat Oct 06 02:32:02 +0000 2018,0.4939,0.132,0.868,0.0,1,"This simple change in the way you get out of your car can save lives ‚Äî of cyclists, drivers and passengers. Here‚Äôs‚Ä¶ https://t.co/1Xin36tgTB"
nytimes,Sat Oct 06 02:17:01 +0000 2018,-0.3089,0.0,0.907,0.093,2,RT @nytopinion: Most Americans are not where this Senate majority is. They do not support President Trump. They do not approve of relentles‚Ä¶
nytimes,Sat Oct 06 02:02:01 +0000 2018,0.0,0.0,1.0,0.0,3,"The man that the Danish government says swindled it out of $2 billion resides in a 10,000 square foot home in Dubai‚Ä¶ https://t.co/TjcEYEGDJg"
nytimes,Sat Oct 06 01:45:09 +0000 2018,0.4939,0.208,0.792,0.0,4,Senator Susan Collins took to the Senate floor and delivered a 45-minute point-by-point defense of her support for‚Ä¶ https://t.co/FDzRLUqY25
nytimes,Sat Oct 06 01:30:03 +0000 2018,0.2975,0.115,0.885,0.0,5,"To the right and left alike, Judge Kavanaugh‚Äôs nomination appears less like a final spasm of division ‚Äî a sobering‚Ä¶ https://t.co/jXFaMlvvFf"
nytimes,Sat Oct 06 01:17:05 +0000 2018,0.4019,0.124,0.876,0.0,6,RT @nytpolitics: Senator Susan Collins delivered a speech on the Senate floor explaining her decision to support Judge Brett Kavanaugh‚Äôs co‚Ä¶
nytimes,Sat Oct 06 01:02:04 +0000 2018,0.0,0.0,1.0,0.0,7,Evening Briefing: Here's what you need to know at the end of the day https://t.co/AlQnsOMTpn
nytimes,Sat Oct 06 00:47:02 +0000 2018,-0.296,0.0,0.885,0.115,8,"Citing 6 recent inmate deaths, a Cleveland judge said he would release people accused of low-level crimes on their‚Ä¶ https://t.co/DAwLd9yvf9"
nytimes,Sat Oct 06 00:32:06 +0000 2018,0.4215,0.104,0.896,0.0,9,"The FDA approved an expansion of the age range for the HPV vaccine, so it can now be used in people ages 27 through‚Ä¶ https://t.co/BLhkyefPiQ"
nytimes,Sat Oct 06 00:17:02 +0000 2018,-0.8271,0.0,0.675,0.325,10,RT @marclacey: Here's how rare it is for a police officer to face prison for killing a black person: https://t.co/S6IekxiOck
nytimes,Sat Oct 06 00:02:05 +0000 2018,0.0,0.0,1.0,0.0,11,"At Babe Ruth's resting place, cemetery workers find ‚öæüå≠üçïüçª and more https://t.co/DEHsWhJK7b"
nytimes,Fri Oct 05 23:51:01 +0000 2018,0.0,0.0,1.0,0.0,12,Get our On Politics newsletter delivered to your inbox. Sign up here: https://t.co/z8lYRF1UVP
nytimes,Fri Oct 05 23:47:01 +0000 2018,0.0,0.0,1.0,0.0,13,"From our On Politics newsletter: If Senator Lisa Murkowski is unique, perhaps it‚Äôs because her home state‚Äôs politic‚Ä¶ https://t.co/RjLpBeHjyP"
nytimes,Fri Oct 05 23:32:06 +0000 2018,-0.7269,0.0,0.756,0.244,14,No time to wait for your phone to charge up? No problem ‚Äî these tips will get you the most battery power in the lea‚Ä¶ https://t.co/MPzov0YfKW
nytimes,Fri Oct 05 23:17:03 +0000 2018,0.8591,0.302,0.698,0.0,15,RT @nytvideo: ‚ÄúThe world has started listening to women.‚Äù Two activists were awarded the 2018 Nobel Peace Prize for their work to end the u‚Ä¶
nytimes,Fri Oct 05 23:02:07 +0000 2018,0.4019,0.144,0.791,0.065,16,"In 2015, Leon Lederman, a Nobel Prize-winning physicist, had to sell his medal for $765,000 to pay medical bills https://t.co/NyHdAoLFZ4"
nytimes,Fri Oct 05 22:47:02 +0000 2018,0.0,0.0,1.0,0.0,17,Evening Briefing: Here's what you need to know at the end of the day https://t.co/03lLEcTPTO
nytimes,Fri Oct 05 22:36:04 +0000 2018,0.4019,0.124,0.876,0.0,18,"RT @TomJolly: Here‚Äôs a look at the special section coming in the Sunday @nytimes, reprinting the two investigative stories on ‚Å¶@realDonaldT‚Ä¶"
nytimes,Fri Oct 05 22:32:04 +0000 2018,0.2263,0.137,0.863,0.0,19,Here's a list of early voting dates for the states that allow it https://t.co/SNqAUsnLNe
nytimes,Fri Oct 05 22:17:02 +0000 2018,0.1531,0.149,0.761,0.091,20,RT @MitchKSmith: Some jurors are now talking to reporters about the verdict. It sounds like the disagreement was on whether to convict on f‚Ä¶
nytimes,Sat Oct 06 02:32:02 +0000 2018,0.4939,0.132,0.868,0.0,21,"This simple change in the way you get out of your car can save lives ‚Äî of cyclists, drivers and passengers. Here‚Äôs‚Ä¶ https://t.co/1Xin36tgTB"
nytimes,Sat Oct 06 02:17:01 +0000 2018,-0.3089,0.0,0.907,0.093,22,RT @nytopinion: Most Americans are not where this Senate majority is. They do not support President Trump. They do not approve of relentles‚Ä¶
nytimes,Sat Oct 06 02:02:01 +0000 2018,0.0,0.0,1.0,0.0,23,"The man that the Danish government says swindled it out of $2 billion resides in a 10,000 square foot home in Dubai‚Ä¶ https://t.co/TjcEYEGDJg"
nytimes,Sat Oct 06 01:45:09 +0000 2018,0.4939,0.208,0.792,0.0,24,Senator Susan Collins took to the Senate floor and delivered a 45-minute point-by-point defense of her support for‚Ä¶ https://t.co/FDzRLUqY25
nytimes,Sat Oct 06 01:30:03 +0000 2018,0.2975,0.115,0.885,0.0,25,"To the right and left alike, Judge Kavanaugh‚Äôs nomination appears less like a final spasm of division ‚Äî a sobering‚Ä¶ https://t.co/jXFaMlvvFf"
nytimes,Sat Oct 06 01:17:05 +0000 2018,0.4019,0.124,0.876,0.0,26,RT @nytpolitics: Senator Susan Collins delivered a speech on the Senate floor explaining her decision to support Judge Brett Kavanaugh‚Äôs co‚Ä¶
nytimes,Sat Oct 06 01:02:04 +0000 2018,0.0,0.0,1.0,0.0,27,Evening Briefing: Here's what you need to know at the end of the day https://t.co/AlQnsOMTpn
nytimes,Sat Oct 06 00:47:02 +0000 2018,-0.296,0.0,0.885,0.115,28,"Citing 6 recent inmate deaths, a Cleveland judge said he would release people accused of low-level crimes on their‚Ä¶ https://t.co/DAwLd9yvf9"
nytimes,Sat Oct 06 00:32:06 +0000 2018,0.4215,0.104,0.896,0.0,29,"The FDA approved an expansion of the age range for the HPV vaccine, so it can now be used in people ages 27 through‚Ä¶ https://t.co/BLhkyefPiQ"
nytimes,Sat Oct 06 00:17:02 +0000 2018,-0.8271,0.0,0.675,0.325,30,RT @marclacey: Here's how rare it is for a police officer to face prison for killing a black person: https://t.co/S6IekxiOck
nytimes,Sat Oct 06 00:02:05 +0000 2018,0.0,0.0,1.0,0.0,31,"At Babe Ruth's resting place, cemetery workers find ‚öæüå≠üçïüçª and more https://t.co/DEHsWhJK7b"
nytimes,Fri Oct 05 23:51:01 +0000 2018,0.0,0.0,1.0,0.0,32,Get our On Politics newsletter delivered to your inbox. Sign up here: https://t.co/z8lYRF1UVP
nytimes,Fri Oct 05 23:47:01 +0000 2018,0.0,0.0,1.0,0.0,33,"From our On Politics newsletter: If Senator Lisa Murkowski is unique, perhaps it‚Äôs because her home state‚Äôs politic‚Ä¶ https://t.co/RjLpBeHjyP"
nytimes,Fri Oct 05 23:32:06 +0000 2018,-0.7269,0.0,0.756,0.244,34,No time to wait for your phone to charge up? No problem ‚Äî these tips will get you the most battery power in the lea‚Ä¶ https://t.co/MPzov0YfKW
nytimes,Fri Oct 05 23:17:03 +0000 2018,0.8591,0.302,0.698,0.0,35,RT @nytvideo: ‚ÄúThe world has started listening to women.‚Äù Two activists were awarded the 2018 Nobel Peace Prize for their work to end the u‚Ä¶
nytimes,Fri Oct 05 23:02:07 +0000 2018,0.4019,0.144,0.791,0.065,36,"In 2015, Leon Lederman, a Nobel Prize-winning physicist, had to sell his medal for $765,000 to pay medical bills https://t.co/NyHdAoLFZ4"
nytimes,Fri Oct 05 22:47:02 +0000 2018,0.0,0.0,1.0,0.0,37,Evening Briefing: Here's what you need to know at the end of the day https://t.co/03lLEcTPTO
nytimes,Fri Oct 05 22:36:04 +0000 2018,0.4019,0.124,0.876,0.0,38,"RT @TomJolly: Here‚Äôs a look at the special section coming in the Sunday @nytimes, reprinting the two investigative stories on ‚Å¶@realDonaldT‚Ä¶"
nytimes,Fri Oct 05 22:32:04 +0000 2018,0.2263,0.137,0.863,0.0,39,Here's a list of early voting dates for the states that allow it https://t.co/SNqAUsnLNe
nytimes,Fri Oct 05 22:17:02 +0000 2018,0.1531,0.149,0.761,0.091,40,RT @MitchKSmith: Some jurors are now talking to reporters about the verdict. It sounds like the disagreement was on whether to convict on f‚Ä¶
nytimes,Fri Oct 05 22:02:05 +0000 2018,-0.4215,0.0,0.851,0.149,41,Kerry James Marshall is exasperated by the potential sale of a public mural of his in Chicago https://t.co/vQngwgwTBs
nytimes,Fri Oct 05 21:41:03 +0000 2018,-0.8176,0.0,0.746,0.254,42,"RT @MitchKSmith: For the first time in nearly 50 years, a Chicago police officer has been convicted of murder. Jason Van Dyke is guilty of‚Ä¶"
nytimes,Fri Oct 05 21:20:04 +0000 2018,0.8519,0.458,0.542,0.0,43,"RT @kimseverson: Dear Twitter,                              Here are the cookbooks we like best this season.                             Lo‚Ä¶"
nytimes,Fri Oct 05 21:12:06 +0000 2018,0.5346,0.19,0.81,0.0,44,"RT @MitchKSmith: Joseph McMahon, the special prosecutor, calls it a ‚Äúgratifying verdict.‚Äù He adds: ‚ÄúBut we all know that this verdict does‚Ä¶"
nytimes,Fri Oct 05 21:07:59 +0000 2018,0.8126,0.412,0.5,0.088,45,A top Democrat promised to open an investigation into accusations against Brett Kavanaugh if the party wins control‚Ä¶ https://t.co/v8eOOGZT9d
nytimes,Fri Oct 05 21:00:21 +0000 2018,0.0,0.0,1.0,0.0,46,"The NYT review of ""A Star Is Born"" https://t.co/4xofqZKIud"
nytimes,Fri Oct 05 20:45:05 +0000 2018,0.0,0.0,1.0,0.0,47,"RT @dagnysalas: Everything from @nytimes in one place on Brett Kavanaugh, how the Senate is voting and more https://t.co/vSNb9b9s8C"
nytimes,Fri Oct 05 20:35:03 +0000 2018,0.5927,0.161,0.839,0.0,48,"Employers added only 134,000 jobs to their payrolls last month, but the numbers are better than that single data po‚Ä¶ https://t.co/SZQTr6f3wN"
nytimes,Fri Oct 05 20:25:06 +0000 2018,0.0,0.0,1.0,0.0,49,"RT @MitchKSmith: It is extraordinarily rare for a police officer to be convicted in an on-duty shooting. Last year, a series of closely wat‚Ä¶"
nytimes,Fri Oct 05 20:15:04 +0000 2018,0.8591,0.373,0.627,0.0,50,"Denis Mukwege is a Congolese gynecological surgeon who was awarded the Nobel Peace Prize. Over time, he has become‚Ä¶ https://t.co/vrZouwyJIL"
nytimes,Fri Oct 05 20:08:11 +0000 2018,0.0,0.0,1.0,0.0,51,"Breaking News: Senator Joe Manchin, a Democrat up for re-election, said he‚Äôd vote to confirm Brett Kavanaugh shortl‚Ä¶ https://t.co/Pbk3FCvlCq"
nytimes,Fri Oct 05 20:00:10 +0000 2018,0.5774,0.175,0.774,0.051,52,Review: ‚ÄúA Crooked Somebody‚Äù doesn‚Äôt mind watching its characters squirm a little. That‚Äôs tough for them but good f‚Ä¶ https://t.co/sprCywFsRx
nytimes,Fri Oct 05 19:52:45 +0000 2018,0.0,0.0,1.0,0.0,53,"Breaking News: Senator Susan Collins, a Republican, said she‚Äôd vote to confirm Judge Brett Kavanaugh to the Supreme‚Ä¶ https://t.co/re7zrxaEV4"
nytimes,Fri Oct 05 19:45:06 +0000 2018,0.0,0.0,1.0,0.0,54,A sheet pan takes the concept of a one-pot meal and flips it onto a pan https://t.co/yjo0ldzyyZ https://t.co/HW77zqTVwZ
nytimes,Fri Oct 05 19:30:04 +0000 2018,0.0,0.0,1.0,0.0,55,Her home in Vienna was confiscated by the Nazis in 1940. She later secretly moved back in and spied on the SS offic‚Ä¶ https://t.co/UIfZQ2NrxO
nytimes,Fri Oct 05 19:15:06 +0000 2018,0.4404,0.146,0.854,0.0,56,Conservatives hope to use the liberal opposition to Brett Kavanaugh‚Äôs nomination as a graphic example of the threat‚Ä¶ https://t.co/Md7ORn1VQx
nytimes,Fri Oct 05 19:10:07 +0000 2018,-0.8176,0.0,0.615,0.385,57,"RT @NYTNational: ‚ö°Ô∏è ‚ÄúChicago officer found guilty of murder in Laquan McDonald case‚Äù

https://t.co/fNL73Or7El"
nytimes,Fri Oct 05 19:02:43 +0000 2018,0.0,0.0,1.0,0.0,58,Breaking News: A white Chicago police officer who shot a black teenager 16 times was convicted of second-degree mur‚Ä¶ https://t.co/E11ELSygND
nytimes,Fri Oct 05 19:00:10 +0000 2018,0.0,0.0,1.0,0.0,59,"For some, the sight of Melania Trump on a Kenyan safari wearing a white pith helmet ‚Äî a common symbol of European c‚Ä¶ https://t.co/xSkZPqb8XP"
nytimes,Fri Oct 05 18:45:09 +0000 2018,0.0,0.0,1.0,0.0,60,"5 million Americans make their own bullets and shells. They say it's a therapeutic hobby, a money-saver and a way t‚Ä¶ https://t.co/CeXrrc4GU7"
nytimes,Fri Oct 05 18:30:04 +0000 2018,-0.2263,0.0,0.909,0.091,61,"In Opinion

Emma Gonz√°lez writes, ""This isn‚Äôt something we are ever going to forget about. This isn‚Äôt something we‚Ä¶ https://t.co/tXBQhvJ72K"
nytimes,Fri Oct 05 18:20:05 +0000 2018,0.0,0.0,1.0,0.0,62,"RT @NYTNational: ‚ÄúI flail, I gasp, and I make barbaric yawps ‚Äî even though the pool I‚Äôm using is only four feet deep, even though I have a‚Ä¶"
nytimes,Fri Oct 05 18:10:03 +0000 2018,0.0,0.0,1.0,0.0,63,Here are the 4 key senators as the Senate moves toward a final vote Saturday on Judge Brett Kavanaugh https://t.co/J3v8dl9l5h
nytimes,Fri Oct 05 17:55:03 +0000 2018,0.3818,0.159,0.841,0.0,64,"By the Book: What does Tom Hanks look for in a novel? ""Authenticity. I want to see the world accurately, and histor‚Ä¶ https://t.co/eBRl9N9ntt"
nytimes,Fri Oct 05 17:40:08 +0000 2018,0.0,0.0,1.0,0.0,65,"Exactly one year ago, reporting on Harvey Weinstein unleashed a movement. What will the next year bring? It‚Äôs hard‚Ä¶ https://t.co/IlgH7jKDzQ"
nytimes,Fri Oct 05 17:25:07 +0000 2018,0.0,0.0,1.0,0.0,66,Senator Lisa Murkowski was the only Republican to vote against moving ahead with Brett Kavanaugh‚Äôs confirmation to‚Ä¶ https://t.co/Kb2Fcwfwzo
nytimes,Fri Oct 05 17:10:08 +0000 2018,-0.5267,0.0,0.794,0.206,67,"Trump claimed, without proof, that some of the women protesting the nomination of Brett Kavanaugh by confronting se‚Ä¶ https://t.co/VBy87p1J5h"
nytimes,Fri Oct 05 16:55:06 +0000 2018,0.0,0.0,1.0,0.0,68,There are many theories for why there are so few black kickers and punters at historically black colleges. Here are‚Ä¶ https://t.co/9OaEv8LWqS
nytimes,Fri Oct 05 16:48:36 +0000 2018,0.6369,0.189,0.811,0.0,69,"Modern Love: ""You can‚Äôt will the right man into your life simply by planning for him"" https://t.co/M8RNLZuJom [Corrects link]"
nytimes,Fri Oct 05 16:40:08 +0000 2018,0.6582,0.204,0.796,0.0,70,"Bradley Cooper was very excited to finally reveal ""A Star Is Born."" But he wasn't really excited to sit down and ex‚Ä¶ https://t.co/tUbe3uNnGm"
nytimes,Fri Oct 05 16:25:06 +0000 2018,0.5859,0.237,0.667,0.096,71,"He has raced in a panda costume, passed up corporate cash and staged a huge upset. Meet Yuki Kawauchi, the great od‚Ä¶ https://t.co/aEBdLsNZly"
nytimes,Fri Oct 05 16:20:10 +0000 2018,0.6369,0.208,0.792,0.0,72,"Modern Love: ""You can‚Äôt will the right man into your life simply by planning for him"" https://t.co/KCsNYNT0y0"
nytimes,Fri Oct 05 15:50:08 +0000 2018,-0.6486,0.0,0.807,0.193,73,"For months, a reputed mobster has been pursued by someone who wanted him dead. On Thursday, outside a McDonald‚Äôs in‚Ä¶ https://t.co/YSL3JGfsez"
nytimes,Fri Oct 05 15:35:04 +0000 2018,0.6908,0.231,0.769,0.0,74,Democrats think Jacky Rosen can win a crucial Senate seat in Nevada. But first she needs to make an impression with‚Ä¶ https://t.co/Bs0vZfS5IB
nytimes,Fri Oct 05 15:20:05 +0000 2018,0.6249,0.37,0.485,0.145,75,"How special education is failing T.J., a friendly 12-year-old boy, and many children like him https://t.co/ixUXBFMCbr"
nytimes,Fri Oct 05 15:11:25 +0000 2018,-0.296,0.0,0.905,0.095,76,"RT @nytgraphics: Results of procedural vote to limit debate on Kavanaugh nomination and move it to a final vote.

Murkowski voted No.
Manch‚Ä¶"
nytimes,Fri Oct 05 15:05:05 +0000 2018,-0.2023,0.0,0.909,0.091,77,A Frenchman who threw an ashtray and hit a young woman outside a Paris cafe after she confronted him for catcalling‚Ä¶ https://t.co/j93ymgomVF
nytimes,Fri Oct 05 14:53:43 +0000 2018,-0.1779,0.065,0.837,0.098,78,Breaking News: Judge Brett Kavanaugh cleared a major hurdle as the Senate voted to cut off debate on his nomination‚Ä¶ https://t.co/LjpcrnD5cx
nytimes,Fri Oct 05 14:44:02 +0000 2018,0.5574,0.184,0.816,0.0,79,How every senator is voting on whether to advance Brett Kavanaugh's nomination to the Supreme Court https://t.co/VkRhEYzkV0
nytimes,Fri Oct 05 14:35:07 +0000 2018,-0.3182,0.0,0.874,0.126,80,A divided Senate is headed toward a critical procedural vote Friday morning on the nomination of Brett Kavanaugh https://t.co/8kNRf7KGfh
nytimes,Fri Oct 05 14:25:01 +0000 2018,0.0,0.0,1.0,0.0,81,"RT @MichaelPaulson: You might know him as the creator of ‚ÄúRent.‚Äù But Jonathan Larson left behind much more music, and some of it is about t‚Ä¶"
nytimes,Fri Oct 05 14:15:03 +0000 2018,-0.3447,0.0,0.86,0.14,82,"""I have had people who will say no to that building because they don't want to line his pockets"" said a broker abou‚Ä¶ https://t.co/9nVUWelQG6"
nytimes,Fri Oct 05 14:00:13 +0000 2018,-0.296,0.0,0.896,0.104,83,"""There's no fish in our 'fish,'"" said a fishmonger who opened what he says is London's first stand-alone vegan fish‚Ä¶ https://t.co/sTClYcVXUI"
nytimes,Fri Oct 05 13:44:01 +0000 2018,0.0,0.0,1.0,0.0,84,"""The vice president attempted to shift public scrutiny from Russia to China,"" said a senior fellow at the Brookings‚Ä¶ https://t.co/p9sEpFda9H"
nytimes,Fri Oct 05 13:31:04 +0000 2018,0.0,0.0,1.0,0.0,85,"Cindy Sherman has recently taken to Instagram, where she has been producing a series of images utterly unlike anyth‚Ä¶ https://t.co/dbFF2G1Rpr"
nytimes,Fri Oct 05 13:16:04 +0000 2018,0.34,0.194,0.806,0.0,86,Our cybersecurity reporter @sheeraf explains how she safeguards her devices https://t.co/wqFo3CVKDw
nytimes,Fri Oct 05 13:00:09 +0000 2018,-0.4215,0.0,0.859,0.141,87,John Paul Stevens said that Judge Brett Kavanaugh's statements at the hearings revealed prejudices that would make‚Ä¶ https://t.co/YgRuYlzrAY
nytimes,Fri Oct 05 12:45:05 +0000 2018,0.0,0.0,1.0,0.0,88,"His post and movement, #squatforchange, reignited the conversation about how changing stations are more commonly fo‚Ä¶ https://t.co/6zyqvXuFQZ"
nytimes,Fri Oct 05 12:38:07 +0000 2018,0.0,0.0,1.0,0.0,89,"Breaking News: The U.S. economy added 134,000 jobs in September, extending a record run of hiring to eight full yea‚Ä¶ https://t.co/YeWJ2PTQnn"
nytimes,Fri Oct 05 12:30:12 +0000 2018,0.0,0.0,1.0,0.0,90,"Joel Kaplan, Facebook's vice president for global public policy, sat two rows behind Judge Brett Kavanaugh at his t‚Ä¶ https://t.co/amvlqylND2"
nytimes,Fri Oct 05 12:16:02 +0000 2018,0.4019,0.153,0.847,0.0,91,What lawmakers from both parties had to say about the FBI report on Brett Kavanaugh https://t.co/pw5EmRWZsk
nytimes,Fri Oct 05 12:00:11 +0000 2018,0.0,0.0,1.0,0.0,92,"Your daily @DealBook Briefing:

‚Ä¢ A report on Chinese spy chips sparks a heated debate.¬†

‚Ä¢ Elon Musk still isn't p‚Ä¶ https://t.co/WjEsidnTzB"
nytimes,Fri Oct 05 11:44:01 +0000 2018,-0.6369,0.0,0.785,0.215,93,"""By recounting what happened to us, we relived our pain and risked being judged harshly by those around us,"" Nadia‚Ä¶ https://t.co/inBZZniHpL"
nytimes,Fri Oct 05 11:30:12 +0000 2018,-0.4939,0.0,0.811,0.189,94,President Trump mocked former Senator Al Franken for folding ‚Äúlike a wet rag‚Äù and quickly resigning last year in th‚Ä¶ https://t.co/M9odjDB4qV
nytimes,Fri Oct 05 11:15:04 +0000 2018,-0.5859,0.0,0.817,0.183,95,"In Opinion

Op-Ed contributor @rgay writes: ""Despite everything we know about the prevalence of sexual assault and‚Ä¶ https://t.co/Ci4cIUT6d7"
nytimes,Fri Oct 05 11:11:03 +0000 2018,0.0,0.0,1.0,0.0,96,RT @katierogers: FLOTUS dances with orphans in Kenya https://t.co/IhyHfMGtOJ
nytimes,Fri Oct 05 11:00:07 +0000 2018,0.0,0.0,1.0,0.0,97,What the FBI found out (or didn't) about Judge Brett Kavanaugh https://t.co/QNCJ7AHKZR https://t.co/NRoWkNpnLk
nytimes,Fri Oct 05 10:44:03 +0000 2018,0.7506,0.312,0.565,0.122,98,"Denis Mukwege and Nadia Murad won the Nobel Peace Prize ""for their efforts to end the use of sexual violence as a w‚Ä¶ https://t.co/VABpgfQYLK"
nytimes,Fri Oct 05 10:30:04 +0000 2018,0.4215,0.123,0.877,0.0,99,"The United States has long used its economic and financial power to pursue its foreign policy goals. But last week,‚Ä¶ https://t.co/AopS08hqbE"
nytimes,Fri Oct 05 10:16:03 +0000 2018,0.0,0.0,1.0,0.0,100,Morning¬†Briefing: Here's what you need to know to start your day https://t.co/w7pPy7gxgD
